,Long,Lat,Sand,Prod
1,3.5808,5.7164,66.113,6.361
2,3.5808,5.7176,68.791,6.412
3,3.5808,5.7177,69.064,7.534
4,3.5809,5.7162,67.27,6.585
5,3.5713,5.7079,65.074,6.352
6,3.5715,5.708,39.558,3.1
7,3.573,5.7091,69.564,7.514
8,3.573,5.709,40.117,3.658
9,3.5734,5.7085,39.461,3.997
10,3.5752,5.7101,69.385,6.692
11,3.5757,5.7082,69.096,6.672
12,3.5757,5.7114,76.719,7.759
13,3.5763,5.7107,69.19,7.437
14,3.5765,5.7096,68.404,7.412
15,3.5768,5.7187,70.926,6.693
16,3.5776,5.7187,69.331,7.189
17,3.5778,5.7175,68.681,6.993
18,3.5778,5.7176,69.4,6.986
19,3.5779,5.7175,69.032,7.08
20,3.5779,5.7187,68.667,6.697
21,3.578,5.7176,69.079,6.45
22,3.5781,5.7176,68.587,6.717
23,3.5782,5.7175,69.396,7.269
24,3.5785,5.7188,68.375,5.986
25,3.5789,5.7182,69.362,7.466
26,3.5791,5.718,68.628,6.188
27,3.5795,5.7119,69.069,7.601
28,3.5797,5.7133,69.836,6.659
29,3.5798,5.7169,69.613,6.878
30,3.5798,5.7168,55.748,5.568
31,3.5799,5.7174,69.378,6.007
32,3.5799,5.7178,68.093,6.261
33,3.5799,5.7169,68.957,6.465
34,3.58,5.7132,69.814,6.979
35,3.58,5.717,69.845,6.177
36,3.58,5.713,68.621,6.585
37,3.58,5.7154,70.574,6.669
38,3.58,5.715,70.7,7.836
39,3.5801,5.7128,69.227,7.563
40,3.5801,5.7123,68.903,6.697
41,3.5801,5.7172,69.508,7.104
42,3.5801,5.7184,68.608,7.473
43,3.5801,5.7135,68.226,6.813
44,3.5802,5.7174,69.457,6.615
45,3.5802,5.7128,69.232,7.861
46,3.5802,5.7173,69.854,7.099
47,3.5803,5.714,69.334,6.741
48,3.5803,5.7122,68.971,7.321
49,3.5803,5.7178,69.184,6.729
50,3.5803,5.7136,68.477,7.553
51,3.5804,5.7177,68.586,6.865
52,3.5804,5.7127,69.282,7.604
53,3.5804,5.7126,68.697,6.626
54,3.5804,5.7167,70.913,7.467
55,3.5804,5.7138,69.456,5.326
56,3.5805,5.7127,68.534,7.11
57,3.5805,5.7125,71.428,6.675
58,3.5805,5.7189,68.877,6.279
59,3.5805,5.7174,69.681,7.745
60,3.5805,5.7124,71.498,7.209
61,3.5805,5.7185,68.71,7.312
62,3.5805,5.7128,69.146,6.933
63,3.5806,5.7173,69.063,6.958
64,3.5806,5.7124,71.357,7.327
65,3.5806,5.7131,69.254,6.758
66,3.5806,5.7142,68.395,6.913
67,3.5806,5.713,69.038,6.747
68,3.5806,5.7189,69.524,7.274
69,3.5806,5.7145,69.45,6.34
70,3.5806,5.7177,68.228,7.403
71,3.5806,5.7174,69.425,7.749
72,3.5807,5.7177,68.991,6.887
73,3.5807,5.7175,69.356,7.169
74,3.5807,5.7179,68.917,6.627
75,3.5807,5.718,71.607,6.421
76,3.5807,5.7188,71.716,7.352
77,3.5807,5.7132,70.611,6.574
78,3.5808,5.7159,68.419,6.58
79,3.5808,5.712,68.802,7.69
80,3.5808,5.7189,70.913,6.648
81,3.5808,5.7129,71.084,6.726
82,3.5808,5.7181,70.912,7.188
83,3.5808,5.7165,69.258,6.173
84,3.5808,5.7135,70.531,7.338
85,3.5809,5.7142,69.185,5.611
86,3.5809,5.7144,68.912,6.456
87,3.5809,5.7141,69.543,6.602
88,3.5809,5.7161,69.618,6.998
89,3.5693,5.7156,39.849,4.773
90,3.5693,5.7154,40.312,4.262
91,3.5693,5.7163,66.51,5.69
92,3.5694,5.7132,39.594,4.328
93,3.5694,5.7149,37.713,3.976
94,3.5694,5.7156,40.231,3.349
95,3.5694,5.7154,37.942,3.09
96,3.5694,5.714,40.553,4.526
97,3.5694,5.7161,66.201,6.732
98,3.5694,5.7117,66.742,7.515
99,3.5694,5.7157,40.28,4.708
100,3.5694,5.7142,40.071,4.065
101,3.5694,5.7119,39.452,3.862
102,3.5694,5.7121,40.12,4.01
103,3.5694,5.7158,39.541,3.648
104,3.5694,5.7162,66.234,6.569
105,3.5694,5.7083,39.9,3.857
106,3.5695,5.7154,40.195,3.719
107,3.5695,5.7143,37.587,3.175
108,3.5695,5.7119,39.815,3.648
109,3.5695,5.7078,67.303,6.354
110,3.5695,5.7162,66.99,6.942
111,3.5695,5.713,39.495,3.941
112,3.5695,5.7077,66.709,7.563
113,3.5695,5.7086,65.702,6.569
114,3.5695,5.7148,37.579,3.237
115,3.5695,5.7145,43.041,4.963
116,3.5695,5.7157,39.352,3.908
117,3.5695,5.7122,40.581,3.893
118,3.5695,5.7159,65.574,6.115
119,3.5696,5.7133,40.268,3.486
120,3.5696,5.7084,40.43,4.071
121,3.5696,5.7158,39.729,3.959
122,3.5696,5.7122,66.55,6.376
123,3.5696,5.7152,38.238,3.918
124,3.5696,5.7077,66.707,6.668
125,3.5696,5.7142,39.566,4.345
126,3.5696,5.7081,40.016,3.85
127,3.5696,5.7135,40.02,3.882
128,3.5696,5.7082,40.724,3.85
129,3.5696,5.7139,39.409,5.07
130,3.5697,5.7076,66.368,6.328
131,3.5697,5.708,62.56,6.754
132,3.5697,5.7147,40.239,4.155
133,3.5697,5.7134,39.52,4.671
134,3.5697,5.7141,39.289,3.401
135,3.5697,5.7142,39.804,4.274
136,3.5697,5.7158,39.605,4.15
137,3.5698,5.7077,67.396,6.974
138,3.5698,5.7123,67.149,6.923
139,3.5698,5.708,37.885,4.922
140,3.5698,5.7119,40.103,3.505
141,3.5698,5.7153,40.534,3.655
142,3.5699,5.7135,40.406,4.517
143,3.5699,5.7122,37.305,3.258
144,3.5699,5.7141,39.722,4.813
145,3.5699,5.7125,66.256,6.579
146,3.57,5.7139,40.458,4.859
147,3.57,5.7158,40.951,4.591
148,3.57,5.7157,39.462,4.199
149,3.57,5.7125,68.655,5.844
150,3.57,5.7133,66.116,5.874
151,3.57,5.7148,39.782,3.617
152,3.5701,5.7186,42.861,4.252
153,3.5701,5.7159,40.479,4.11
154,3.5702,5.7153,39.94,3.956
155,3.5702,5.7158,40.226,4.022
156,3.5702,5.7187,39.874,4.304
157,3.5702,5.7078,39.596,4.438
158,3.5702,5.7156,39.823,4.409
159,3.5703,5.7081,41.897,3.892
160,3.5703,5.7155,62.502,6.649
161,3.5703,5.7078,75.98,7.211
162,3.5703,5.7077,66.62,7.029
163,3.5704,5.7153,62.286,6.27
164,3.5704,5.7187,39.507,3.025
165,3.5704,5.7143,65.81,6.825
166,3.5704,5.7186,42.34,4.525
167,3.5704,5.7142,39.773,3.867
168,3.5704,5.7146,39.453,3.618
169,3.5704,5.714,40.601,4.724
170,3.5705,5.7151,62.769,6.578
171,3.5705,5.7077,66.083,7.825
172,3.5705,5.7179,66.955,6.361
173,3.5705,5.7143,66.25,6.925
174,3.5705,5.7153,66.358,5.797
175,3.5705,5.708,65.887,6.931
176,3.5705,5.715,65.844,6.84
177,3.5706,5.7076,66.069,6.91
178,3.5706,5.7144,66.431,6.999
179,3.5706,5.7081,39.971,3.596
180,3.5706,5.7179,66.631,7.036
181,3.5706,5.7187,40.458,4.614
182,3.5706,5.7185,40.344,3.842
183,3.5706,5.7146,66.563,6.837
184,3.5706,5.7149,66.235,6.848
185,3.5707,5.7078,68.894,6.511
186,3.5707,5.708,66.641,6.757
187,3.5707,5.7184,40.387,3.659
188,3.5707,5.7082,39.962,3.567
189,3.5707,5.7076,66.595,6.915
190,3.5707,5.715,40.083,3.65
191,3.5708,5.7185,39.711,4.163
192,3.5708,5.7083,66.953,7.061
193,3.5708,5.7076,66.84,5.851
194,3.5708,5.7151,40.875,3.775
195,3.5708,5.7186,39.924,3.184
196,3.5708,5.7147,66.123,7.189
197,3.5708,5.7086,62.68,5.493
198,3.5708,5.7082,39.661,3.294
199,3.5708,5.7085,38.285,3.254
200,3.5709,5.7182,39.426,4.666
201,3.5709,5.7085,40.584,4.618
202,3.5709,5.7148,66.12,6.535
203,3.5709,5.7084,67.343,6.802
204,3.5709,5.7076,65.842,5.793
205,3.5709,5.7077,69.394,7.058
206,3.571,5.708,66.1,6.572
207,3.571,5.7083,40.014,3.248
208,3.571,5.7077,68.755,7.152
209,3.571,5.7148,66.621,7.588
210,3.571,5.7185,66.308,6.854
211,3.5711,5.718,39.352,3.161
212,3.5711,5.7077,66.735,6.656
213,3.5711,5.7146,66.218,7.3
214,3.5711,5.7182,38.17,4.063
215,3.5711,5.7079,66.524,7.246
216,3.5711,5.7187,33.98,3.054
217,3.5711,5.7084,40.178,3.545
218,3.5712,5.7184,65.874,6.378
219,3.5712,5.7187,39.774,5.055
220,3.5712,5.7077,66.743,5.689
221,3.5712,5.7186,37.113,4.281
222,3.5712,5.7085,66.511,7.309
223,3.5712,5.7082,37.634,4.408
224,3.5713,5.7182,66.388,7.316
225,3.5713,5.7087,65.892,6.471
226,3.5713,5.7186,37.797,3.431
227,3.5713,5.7179,39.305,4.272
228,3.5714,5.7186,42.519,4.721
229,3.5714,5.7177,40.56,3.717
230,3.5714,5.7147,66.739,5.765
231,3.5714,5.708,76.664,7.881
232,3.5714,5.7081,69.619,7.046
233,3.5714,5.7086,40.011,3.794
234,3.5714,5.718,39.485,3.572
235,3.5714,5.7078,76.352,7.002
236,3.5715,5.7147,66.523,5.669
237,3.5715,5.715,39.927,4.383
238,3.5715,5.7149,66.241,6.705
239,3.5715,5.7179,39.379,4.833
240,3.5715,5.7186,40.736,4.282
241,3.5716,5.7148,66.41,5.968
242,3.5716,5.7082,66.071,6.406
243,3.5716,5.7084,66.528,6.946
244,3.5716,5.7081,40.555,4.856
245,3.5716,5.7087,66.623,6.999
246,3.5716,5.7086,65.958,7.023
247,3.5716,5.7184,39.531,3.847
248,3.5716,5.7186,40.14,4.231
249,3.5716,5.7092,40.108,4.888
250,3.5716,5.7089,65.834,6.274
251,3.5717,5.7178,39.697,3.344
252,3.5717,5.7089,66.358,5.513
253,3.5717,5.7175,66.758,6.591
254,3.5717,5.7177,66.962,7.38
255,3.5717,5.709,66.225,6.18
256,3.5718,5.7087,40.105,3.836
257,3.5718,5.7085,67.31,6.433
258,3.5718,5.7088,40.506,4.627
259,3.5718,5.7077,40.479,3.41
260,3.5719,5.7085,66.914,7.149
261,3.5719,5.7084,66.318,6.579
262,3.5719,5.7083,66.58,6.308
263,3.5719,5.7088,66.145,5.964
264,3.572,5.7184,42.197,4.581
265,3.572,5.7087,34.225,2.496
266,3.572,5.7086,40.029,4.831
267,3.572,5.7082,67.174,6.757
268,3.5721,5.7088,34.059,3.244
269,3.5722,5.7084,66.206,5.952
270,3.5722,5.7076,23.973,3.137
271,3.5722,5.7089,39.737,4.615
272,3.5722,5.7077,40.404,2.682
273,3.5722,5.7087,66.416,7.461
274,3.5723,5.7085,66.367,6.801
275,3.5723,5.7144,37.318,3.85
276,3.5723,5.714,40.035,1.743
277,3.5724,5.7083,43.151,3.574
278,3.5724,5.7089,66.627,5.73
279,3.5724,5.714,39.892,3.486
280,3.5724,5.7143,37.274,4.732
281,3.5724,5.7179,39.858,4.07
282,3.5724,5.7188,42.244,4.889
283,3.5724,5.709,66.113,7.096
284,3.5724,5.7076,39.956,4.306
285,3.5725,5.7085,68.664,6.785
286,3.5725,5.7144,42.314,3.222
287,3.5725,5.7143,39.738,4.814
288,3.5725,5.7083,66.648,6.662
289,3.5725,5.709,66.047,6.35
290,3.5725,5.7086,67.36,7.017
291,3.5725,5.7139,40.252,4.22
292,3.5726,5.7077,76.902,8.357
293,3.5726,5.714,39.296,3.87
294,3.5726,5.7091,40.395,4.549
295,3.5726,5.7082,42.504,4.784
296,3.5726,5.7087,66.153,6.986
297,3.5726,5.7094,39.419,3.882
298,3.5727,5.7141,40.563,3.533
299,3.5727,5.7085,40.806,3.321
300,3.5727,5.7083,42.406,4.229
301,3.5727,5.7077,39.973,3.961
302,3.5727,5.7139,39.645,3.797
303,3.5727,5.7095,40.464,3.592
304,3.5727,5.7142,67.478,6.714
305,3.5727,5.7098,39.328,3.935
306,3.5727,5.709,66.968,7.595
307,3.5727,5.7088,66.034,7.131
308,3.5727,5.7137,68.746,8.02
309,3.5727,5.7086,42.613,3.895
310,3.5727,5.7082,42.298,4.303
311,3.5728,5.7188,66.233,7.052
312,3.5728,5.7156,39.474,4.505
313,3.5728,5.7077,39.755,4.3
314,3.5728,5.714,67.09,7.068
315,3.5728,5.7083,41.92,4.392
316,3.5728,5.7091,68.415,5.755
317,3.5728,5.7184,66.908,6.027
318,3.5728,5.7142,66.282,6.768
319,3.5728,5.7098,41.989,4.201
320,3.5728,5.7097,66.705,6.82
321,3.5728,5.7094,40.057,4.027
322,3.5728,5.7155,39.319,4.545
323,3.5728,5.7143,42.539,3.119
324,3.5728,5.7089,68.259,7.59
325,3.5728,5.7137,68.944,7.335
326,3.5728,5.7183,40.257,4.366
327,3.5728,5.7185,26.938,3.908
328,3.5728,5.7187,14.771,1.944
329,3.5729,5.7082,42.666,4.963
330,3.5729,5.7185,26.903,2.479
331,3.5729,5.7184,26.799,2.405
332,3.5729,5.7146,42.485,3.908
333,3.5729,5.7083,42.53,4.444
334,3.5729,5.7077,15.258,1.266
335,3.5729,5.7086,42.055,4.197
336,3.5729,5.7095,39.846,3.651
337,3.5729,5.7156,39.614,3.202
338,3.5729,5.7175,66.546,6.908
339,3.5729,5.7093,66.588,6.696
340,3.5729,5.7188,14.93,0.795
341,3.5729,5.7187,14.602,1.147
342,3.573,5.7077,15.27,0.623
343,3.573,5.7098,37.836,4.094
344,3.573,5.7083,39.721,3.466
345,3.573,5.7144,42.27,4.067
346,3.573,5.7087,66.357,6.963
347,3.573,5.7084,66.63,6.976
348,3.573,5.7095,39.865,3.754
349,3.573,5.7085,40.132,4.055
350,3.573,5.7086,39.373,3.352
351,3.573,5.7181,15.298,1.398
352,3.573,5.718,44.626,3.757
353,3.573,5.7183,15.44,2.664
354,3.573,5.7134,42.367,3.318
355,3.573,5.7188,26.239,3.246
356,3.573,5.7093,66.397,6.388
357,3.5731,5.7078,43.392,4.524
358,3.5731,5.7088,39.531,3.604
359,3.5731,5.7181,14.701,2.25
360,3.5731,5.718,34.279,3.695
361,3.5731,5.7179,34.26,3.93
362,3.5731,5.7177,38.477,4.706
363,3.5731,5.7094,40.312,3.185
364,3.5731,5.7157,42.795,5.187
365,3.5731,5.7092,40.874,3.697
366,3.5731,5.7139,67.38,6.413
367,3.5731,5.7183,21.567,1.975
368,3.5731,5.7136,66.695,6.131
369,3.5731,5.7148,43.001,4.146
370,3.5731,5.7143,41.952,4.292
371,3.5731,5.7134,43.274,4.482
372,3.5731,5.7187,15.317,1.002
373,3.5731,5.7185,26.46,3.077
374,3.5732,5.7086,66.31,6.492
375,3.5732,5.7179,44.682,4.69
376,3.5732,5.714,34.295,3.383
377,3.5732,5.7084,42.787,3.858
378,3.5732,5.7085,40.923,3.641
379,3.5732,5.7138,39.796,3.517
380,3.5732,5.7181,33.311,3.214
381,3.5732,5.7188,17.889,0.713
382,3.5732,5.7078,42.768,3.979
383,3.5732,5.7077,26.729,1.331
384,3.5732,5.7136,39.829,4.4
385,3.5732,5.7105,40.373,4.122
386,3.5732,5.7079,39.563,3.743
387,3.5732,5.7174,33.922,3.654
388,3.5732,5.7112,40.479,3.922
389,3.5732,5.708,39.818,3.525
390,3.5732,5.7183,26.464,2.622
391,3.5733,5.7136,43.196,4.533
392,3.5733,5.7077,26.19,2.916
393,3.5733,5.7178,21.198,1.733
394,3.5733,5.7142,40.614,3.244
395,3.5733,5.7186,26.068,2.076
396,3.5733,5.7088,59.866,6.468
397,3.5733,5.7138,43.388,4.64
398,3.5733,5.716,42.117,4.455
399,3.5733,5.7179,33.865,3.335
400,3.5733,5.7177,21.239,0.538
401,3.5733,5.7131,42.834,3.487
402,3.5733,5.7093,40.5,3.744
403,3.5733,5.7176,37.619,3.407
404,3.5733,5.7181,21.627,1.874
405,3.5733,5.7188,14.685,1.509
406,3.5733,5.7106,40.209,4.332
407,3.5733,5.718,18.034,1.579
408,3.5734,5.7105,40.063,5.271
409,3.5734,5.7101,39.618,3.876
410,3.5734,5.7093,39.987,3.224
411,3.5734,5.7084,39.712,4.359
412,3.5734,5.7134,39.878,4.098
413,3.5734,5.7172,77.226,7.471
414,3.5734,5.717,66.236,7.005
415,3.5734,5.7088,40.579,4.365
416,3.5734,5.7149,39.819,4.329
417,3.5734,5.7186,33.615,2.73
418,3.5734,5.7108,40.276,3.524
419,3.5734,5.7086,66.931,6.005
420,3.5734,5.7187,15.358,1.785
421,3.5734,5.714,24.147,2.129
422,3.5734,5.7174,34.083,3.737
423,3.5734,5.7077,22.937,1.624
424,3.5734,5.7147,39.55,3.884
425,3.5734,5.7141,66.264,6.265
426,3.5735,5.7183,26.545,2.269
427,3.5735,5.7186,26.778,3.223
428,3.5735,5.7179,21.015,1.967
429,3.5735,5.7078,40.776,4.073
430,3.5735,5.7085,42.162,3.726
431,3.5735,5.7184,26.342,2.139
432,3.5735,5.7178,23.551,2.793
433,3.5735,5.7181,20.873,1.318
434,3.5735,5.7145,40.019,4.329
435,3.5735,5.7089,66.995,7.26
436,3.5735,5.7119,39.899,4.142
437,3.5735,5.7136,39.934,4.613
438,3.5735,5.713,40.147,4.023
439,3.5735,5.7088,40.501,4.332
440,3.5735,5.7187,21.83,2.456
441,3.5735,5.7148,39.724,3.889
442,3.5735,5.7112,38.016,3.367
443,3.5735,5.709,39.933,3.633
444,3.5735,5.7121,40.134,4.294
445,3.5735,5.7077,23.986,1.677
446,3.5735,5.7171,42.432,3.642
447,3.5735,5.7135,65.979,7.563
448,3.5736,5.7154,39.364,4.009
449,3.5736,5.713,43.291,3.542
450,3.5736,5.7103,39.325,3.722
451,3.5736,5.7141,23.234,3.168
452,3.5736,5.7155,42.152,3.68
453,3.5736,5.7135,23.379,3.001
454,3.5736,5.7187,26.103,3.595
455,3.5736,5.7134,66.578,6.534
456,3.5736,5.711,52.749,5.556
457,3.5736,5.7181,33.488,3.247
458,3.5736,5.7176,33.882,3.269
459,3.5736,5.7128,45.041,4.267
460,3.5736,5.7138,17.04,1.939
461,3.5736,5.7146,66.546,6.898
462,3.5736,5.7179,23.129,3.156
463,3.5736,5.7142,44.909,3.837
464,3.5736,5.7169,42.596,4.239
465,3.5736,5.7148,39.694,4.101
466,3.5736,5.7186,45.185,5.321
467,3.5736,5.7129,45.503,4.578
468,3.5736,5.7136,21.654,2.176
469,3.5736,5.7144,34.264,3.483
470,3.5736,5.7149,53.036,4.482
471,3.5736,5.7168,42.148,5.016
472,3.5736,5.7119,52.282,5.727
473,3.5736,5.7188,26.201,2.826
474,3.5736,5.7171,39.838,3.458
475,3.5736,5.7139,18.254,1.381
476,3.5736,5.7121,53.03,5.431
477,3.5736,5.7106,66.185,7.524
478,3.5737,5.7152,40.289,4.304
479,3.5737,5.7112,42.349,3.441
480,3.5737,5.7153,39.883,3.021
481,3.5737,5.7121,40.465,4.249
482,3.5737,5.7128,14.129,1.194
483,3.5737,5.7118,52.99,5.269
484,3.5737,5.7146,23.349,2.107
485,3.5737,5.7179,27.191,2.578
486,3.5737,5.7148,39.49,4.013
487,3.5737,5.7116,40.721,4.422
488,3.5737,5.7141,24.053,3.105
489,3.5737,5.7127,23.517,2.885
490,3.5737,5.7137,24.432,2.712
491,3.5737,5.7142,23.056,2.383
492,3.5737,5.7139,17.756,0.622
493,3.5737,5.713,25.429,1.595
494,3.5737,5.7104,40.1,3.847
495,3.5737,5.7136,22.737,2.759
496,3.5737,5.7144,17.858,1.381
497,3.5737,5.7182,34.274,3.627
498,3.5737,5.717,42.269,3.8
499,3.5737,5.7119,39.353,4.328
500,3.5737,5.7132,24.388,2.627
501,3.5737,5.7174,23.909,2.479
502,3.5737,5.7145,18.169,2.731
503,3.5737,5.7147,17.518,1.338
504,3.5737,5.714,23.216,2.389
505,3.5737,5.7168,42.821,4.951
506,3.5738,5.7138,22.952,1.677
507,3.5738,5.7133,34.111,3.059
508,3.5738,5.7129,15.004,2.648
509,3.5738,5.7136,20.789,1.345
510,3.5738,5.7178,26.7,2.829
511,3.5738,5.714,24.104,2.488
512,3.5738,5.7175,14.347,1.525
513,3.5738,5.7172,34.177,3.649
514,3.5738,5.7186,45.431,4.405
515,3.5738,5.7146,17.97,2.324
516,3.5738,5.7143,15.351,1.692
517,3.5738,5.7111,33.842,4.113
518,3.5738,5.7147,27.034,2.876
519,3.5738,5.7142,26.835,2.666
520,3.5738,5.7127,24.261,2.681
521,3.5738,5.7109,39.69,4.071
522,3.5738,5.7145,14.719,1.55
523,3.5738,5.7104,40.096,3.619
524,3.5738,5.7132,26.813,2.561
525,3.5738,5.7134,15.464,1.869
526,3.5738,5.7112,66.671,6.579
527,3.5738,5.7141,17.566,1.96
528,3.5738,5.7125,23.37,3.185
529,3.5738,5.7188,45.484,4.741
530,3.5738,5.7182,26.314,2.635
531,3.5738,5.715,24.04,2.898
532,3.5738,5.7128,26.704,3.094
533,3.5738,5.711,66.468,7.081
534,3.5738,5.7114,42.874,4.417
535,3.5738,5.717,42.03,3.402
536,3.5738,5.7187,45.087,4.15
537,3.5738,5.7151,34.376,2.976
538,3.5738,5.713,14.848,1.832
539,3.5739,5.7119,42.519,4.195
540,3.5739,5.711,33.208,3.652
541,3.5739,5.7141,16.975,2.233
542,3.5739,5.7132,14.775,1.705
543,3.5739,5.7115,40,4.559
544,3.5739,5.7179,26.961,3.309
545,3.5739,5.7128,14.243,0.774
546,3.5739,5.7108,40.369,3.469
547,3.5739,5.7139,23.603,1.989
548,3.5739,5.7116,43.013,3.105
549,3.5739,5.7152,40.337,4.654
550,3.5739,5.7109,65.676,6.834
551,3.5739,5.7146,14.634,0.873
552,3.5739,5.7129,15.816,1.266
553,3.5739,5.7151,39.724,4.471
554,3.5739,5.7105,65.91,7.386
555,3.5739,5.7178,14.701,2.002
556,3.5739,5.7133,26.702,3.157
557,3.5739,5.7113,33.379,3.519
558,3.5739,5.7104,40.04,3.745
559,3.5739,5.7173,23.326,2.433
560,3.5739,5.7136,15.135,1.936
561,3.5739,5.7102,40.623,4.35
562,3.5739,5.7126,22.771,1.668
563,3.5739,5.712,22.64,2.119
564,3.5739,5.7147,14.696,1.443
565,3.5739,5.7185,44.723,4.259
566,3.5739,5.7177,14.284,1.168
567,3.5739,5.7122,23.228,1.872
568,3.5739,5.7148,15.406,1.887
569,3.5739,5.718,34.345,3.576
570,3.5739,5.7121,14.451,1.023
571,3.5739,5.7183,45.513,4.181
572,3.5739,5.7125,23.713,2.163
573,3.5739,5.7186,40.234,3.417
574,3.574,5.7126,23.835,2.863
575,3.574,5.7116,23.998,2.32
576,3.574,5.7183,44.991,5.074
577,3.574,5.7188,45.86,3.694
578,3.574,5.711,33.726,3.956
579,3.574,5.7114,14.88,2.454
580,3.574,5.718,23.697,2.126
581,3.574,5.7157,39.402,3.933
582,3.574,5.7104,39.48,4.824
583,3.574,5.7109,66.642,6.58
584,3.574,5.7111,33.942,3.94
585,3.574,5.7138,18.191,2.701
586,3.574,5.7122,24.367,2.582
587,3.574,5.7136,15.36,1.458
588,3.574,5.7137,22.782,2.224
589,3.574,5.7181,27.155,2.457
590,3.574,5.7177,15.685,1.212
591,3.574,5.712,23.721,2.076
592,3.574,5.7112,22.066,2.565
593,3.574,5.7134,15.5,1.408
594,3.574,5.7133,22.779,1.758
595,3.574,5.7179,25.653,2.734
596,3.574,5.7154,43.271,4.507
597,3.574,5.715,23.191,2.9
598,3.574,5.7175,33.916,3.897
599,3.5741,5.7176,34.07,3.251
600,3.5741,5.7109,22.02,2.198
601,3.5741,5.7133,23.247,2.593
602,3.5741,5.7155,40.679,3.658
603,3.5741,5.7107,15.302,1.228
604,3.5741,5.7184,45.481,4.936
605,3.5741,5.7156,14.753,1.932
606,3.5741,5.7188,45.124,4.255
607,3.5741,5.7111,33.587,3.28
608,3.5741,5.7147,15.155,1.572
609,3.5741,5.7173,14.961,1.695
610,3.5741,5.7105,23.979,2.468
611,3.5741,5.7158,14.299,1.148
612,3.5741,5.7118,14.268,1.359
613,3.5741,5.7106,15.006,-0.103
614,3.5741,5.7123,23.877,2.832
615,3.5741,5.7104,40.506,2.801
616,3.5741,5.7181,23.865,2.692
617,3.5741,5.7122,15.086,1.468
618,3.5741,5.7148,14.804,1.288
619,3.5741,5.7142,14.639,1.435
620,3.5741,5.7135,17.315,1.338
621,3.5741,5.714,15.688,2.053
622,3.5741,5.7186,34.073,3.621
623,3.5741,5.7174,23.977,2.675
624,3.5741,5.7141,15.028,1.85
625,3.5741,5.7157,23.947,3.096
626,3.5741,5.7121,15.345,1.191
627,3.5741,5.7149,23.661,1.587
628,3.5741,5.7145,40.374,3.63
629,3.5741,5.7119,17.259,1.937
630,3.5741,5.7112,15.016,1.509
631,3.5741,5.7117,15.139,1.025
632,3.5741,5.7152,23,1.365
633,3.5741,5.712,17.389,1.695
634,3.5742,5.714,17.634,0.648
635,3.5742,5.7112,16.593,2.653
636,3.5742,5.7134,17.297,1.026
637,3.5742,5.712,17.097,2.178
638,3.5742,5.7141,16.899,1.867
639,3.5742,5.7181,33.585,4.627
640,3.5742,5.7156,14.946,0.62
641,3.5742,5.7121,14.504,1.312
642,3.5742,5.7142,17.215,1.508
643,3.5742,5.7139,14.963,1.655
644,3.5742,5.7106,23.246,3.411
645,3.5742,5.7178,26.665,2.525
646,3.5742,5.7128,27.242,2.186
647,3.5742,5.7151,23.293,2.522
648,3.5742,5.7114,17.791,1.79
649,3.5742,5.7179,33.694,3.547
650,3.5742,5.7152,23.254,2.485
651,3.5742,5.7175,23.144,2.639
652,3.5742,5.7146,34.926,4.31
653,3.5742,5.7113,14.657,0.734
654,3.5742,5.7143,17.945,1.627
655,3.5742,5.7105,39.238,3.527
656,3.5742,5.7136,24.191,1.846
657,3.5742,5.7137,21.914,2.788
658,3.5742,5.7108,23.413,2.655
659,3.5742,5.7176,23.181,2.055
660,3.5742,5.7182,33.538,3.669
661,3.5742,5.7078,33.863,3.448
662,3.5742,5.711,17.569,1.614
663,3.5742,5.7157,22.93,2.22
664,3.5742,5.7115,15.035,2.189
665,3.5743,5.7139,17.04,1.725
666,3.5743,5.7155,23.153,2.071
667,3.5743,5.7109,14.876,1.373
668,3.5743,5.7176,23.416,2.002
669,3.5743,5.7182,27.252,2.949
670,3.5743,5.7112,15.612,2.119
671,3.5743,5.7137,15.108,1.417
672,3.5743,5.7108,23.758,2.519
673,3.5743,5.7128,26.074,1.935
674,3.5743,5.7138,14.594,1.511
675,3.5743,5.7123,14.458,1.294
676,3.5743,5.7177,23.94,2.932
677,3.5743,5.7114,14.746,0.588
678,3.5743,5.7178,22.956,2.533
679,3.5743,5.7153,23.517,2.455
680,3.5743,5.7116,15.103,1.104
681,3.5744,5.7154,14.975,1.362
682,3.5744,5.7116,14.779,1.054
683,3.5744,5.7136,15.293,1.267
684,3.5744,5.7138,26.692,4.133
685,3.5744,5.7139,17.723,2.289
686,3.5744,5.7104,66.154,7.668
687,3.5744,5.7114,17.252,2.764
688,3.5744,5.7115,14.705,1.8
689,3.5744,5.7177,22.966,2.958
690,3.5744,5.7181,27.172,1.456
691,3.5744,5.7183,77.109,8.513
692,3.5744,5.7109,22.325,1.738
693,3.5744,5.7184,22.925,2.757
694,3.5744,5.7111,14.335,1.048
695,3.5744,5.7077,33.894,2.186
696,3.5744,5.711,20.56,0.754
697,3.5744,5.7108,23.165,2.099
698,3.5744,5.7105,39.933,4.134
699,3.5744,5.7123,14.926,2.731
700,3.5744,5.7081,39.813,3.492
701,3.5744,5.708,76.596,7.917
702,3.5744,5.718,23.19,2.411
703,3.5744,5.7118,14.996,1.442
704,3.5745,5.7104,40.103,4.227
705,3.5745,5.7077,76.224,7.472
706,3.5745,5.7113,15.172,2.036
707,3.5745,5.7112,15.551,2.683
708,3.5745,5.7107,15.51,1.842
709,3.5745,5.7106,65.989,6.921
710,3.5745,5.7176,18.215,1.171
711,3.5745,5.7136,14.146,1.872
712,3.5745,5.7146,66.793,6.458
713,3.5745,5.7118,15.31,0.862
714,3.5745,5.7081,39.972,4.537
715,3.5745,5.7179,25.903,1.938
716,3.5746,5.7138,17.569,1.759
717,3.5746,5.7137,22.599,2.789
718,3.5746,5.7111,45.263,4.203
719,3.5746,5.7109,39.757,3.836
720,3.5746,5.7079,42.31,3.54
721,3.5746,5.7078,68.843,6.97
722,3.5746,5.7115,22.689,1.499
723,3.5746,5.7113,45.138,4.74
724,3.5746,5.7181,16.169,1.297
725,3.5746,5.7141,23.112,2.502
726,3.5746,5.7127,45.802,5.011
727,3.5746,5.7178,23.655,2.132
728,3.5746,5.7136,22.902,2.811
729,3.5746,5.7174,23.484,2.103
730,3.5746,5.7153,26.873,2.704
731,3.5746,5.7114,33.998,4.271
732,3.5746,5.7182,34.056,2.945
733,3.5746,5.7128,26.816,2.125
734,3.5746,5.7183,17.971,2.946
735,3.5746,5.7117,17.995,1.959
736,3.5747,5.7128,45.026,3.768
737,3.5747,5.7117,14.702,1.998
738,3.5747,5.7111,68.845,6.763
739,3.5747,5.7077,76.139,7.774
740,3.5747,5.7079,39.889,3.153
741,3.5747,5.7146,68.97,7.02
742,3.5747,5.718,22.868,2.207
743,3.5747,5.7136,23.822,1.784
744,3.5747,5.7154,27.035,2.829
745,3.5747,5.7178,23.911,2.589
746,3.5747,5.7107,76.231,7.896
747,3.5747,5.7177,33.708,3.435
748,3.5747,5.7138,17.476,1.169
749,3.5747,5.7155,23.337,1.427
750,3.5747,5.7119,20.818,1.675
751,3.5747,5.7182,34.134,2.781
752,3.5747,5.714,26.255,2.772
753,3.5747,5.7141,17.645,2.155
754,3.5747,5.7116,76.982,6.954
755,3.5748,5.7138,24.109,2.726
756,3.5748,5.712,15.479,1.031
757,3.5748,5.7125,45.044,4.152
758,3.5748,5.7115,44.42,5.141
759,3.5748,5.7126,66.469,6.964
760,3.5748,5.7178,15.176,1.228
761,3.5748,5.718,17.627,2.254
762,3.5748,5.7123,66.786,7.315
763,3.5748,5.7119,69.126,7.098
764,3.5748,5.7146,68.597,6.975
765,3.5748,5.7129,44.576,4.481
766,3.5748,5.7107,77.302,8.149
767,3.5748,5.7121,44.681,4.021
768,3.5748,5.7142,18.013,2.153
769,3.5749,5.7123,67.137,6.375
770,3.5749,5.7097,40.047,3.626
771,3.5749,5.714,26.436,2.514
772,3.5749,5.7146,69.304,7.291
773,3.5749,5.7077,76.199,7.437
774,3.5749,5.7085,40.275,4.237
775,3.5749,5.7178,23.95,2.386
776,3.5749,5.7141,18.107,1.718
777,3.5749,5.7138,17.198,2.177
778,3.5749,5.708,39.318,2.972
779,3.5749,5.7101,23.127,3.112
780,3.5749,5.7099,21.67,1.884
781,3.5749,5.7139,18.077,1.08
782,3.5749,5.7182,45.284,3.469
783,3.5749,5.7181,21.466,1.318
784,3.5749,5.7142,17.475,2.516
785,3.5749,5.7132,65.814,6.833
786,3.575,5.7079,64.484,6.269
787,3.575,5.7125,66.684,6.723
788,3.575,5.7085,40.721,2.976
789,3.575,5.7123,66.793,5.93
790,3.575,5.7133,26.139,3.289
791,3.575,5.7078,26.25,2.742
792,3.575,5.714,17.755,2.489
793,3.575,5.7122,66.686,6.723
794,3.575,5.7145,45.369,4.658
795,3.575,5.7146,44.54,4.583
796,3.575,5.7097,42.379,3.725
797,3.575,5.7103,23.342,2.66
798,3.575,5.7126,66.081,7.359
799,3.575,5.708,44.222,4.704
800,3.575,5.718,21.498,2.346
801,3.575,5.7082,53.001,5.967
802,3.575,5.7128,59.617,5.934
803,3.5751,5.7083,39.741,3.697
804,3.5751,5.7179,17.504,2.605
805,3.5751,5.7097,40.402,4.399
806,3.5751,5.7103,23.281,1.423
807,3.5751,5.7102,23.444,2.415
808,3.5751,5.7133,26.812,3.431
809,3.5751,5.7101,21.574,1.778
810,3.5751,5.71,33.41,3.441
811,3.5751,5.708,22.07,2.85
812,3.5751,5.7124,66.178,5.42
813,3.5751,5.7131,67.122,5.901
814,3.5751,5.714,17.185,1.725
815,3.5751,5.7126,65.599,6.627
816,3.5751,5.7135,66.601,6.841
817,3.5751,5.7104,5.35,-0.233
818,3.5752,5.7145,34.267,3.682
819,3.5752,5.7125,66.595,7.167
820,3.5752,5.7139,24.087,2.494
821,3.5752,5.7135,66.86,6.251
822,3.5752,5.714,34.382,3.936
823,3.5752,5.7102,33.665,3.133
824,3.5752,5.7181,45.024,4.243
825,3.5752,5.7133,66.707,7.027
826,3.5752,5.7078,26.592,2.986
827,3.5752,5.7143,34.098,3.304
828,3.5753,5.7132,26.919,2.511
829,3.5753,5.7139,34.018,3.072
830,3.5753,5.7183,45.97,4.515
831,3.5753,5.7104,26.525,2.46
832,3.5753,5.7103,26.279,3.098
833,3.5753,5.7181,45.391,3.638
834,3.5753,5.7144,34.315,3.808
835,3.5753,5.7136,65.89,6.77
836,3.5753,5.7179,44.959,4.337
837,3.5753,5.7099,40.377,3.218
838,3.5753,5.7141,15.186,0.863
839,3.5753,5.7101,39.887,4.244
840,3.5753,5.7133,66.762,6.563
841,3.5753,5.7182,45.453,4.348
842,3.5754,5.7104,44.625,3.692
843,3.5754,5.7137,68.886,7.01
844,3.5754,5.7132,66.347,5.675
845,3.5754,5.7136,65.896,6.673
846,3.5754,5.7083,45.171,3.749
847,3.5754,5.7139,68.717,7.782
848,3.5754,5.7087,26.496,2.82
849,3.5754,5.7079,75.964,6.928
850,3.5754,5.7143,66.526,6.896
851,3.5754,5.7089,26.219,2.599
852,3.5754,5.71,51.825,6.398
853,3.5754,5.7126,45.387,5.087
854,3.5754,5.7086,21.532,2.28
855,3.5755,5.7137,68.685,6.856
856,3.5755,5.7106,44.656,4.464
857,3.5755,5.7124,69.47,6.665
858,3.5755,5.7088,44.617,4.569
859,3.5755,5.7144,69.516,6.422
860,3.5755,5.7132,66.604,7.444
861,3.5755,5.7143,68.698,6.745
862,3.5755,5.7089,27.015,2.593
863,3.5755,5.7138,68.838,6.569
864,3.5755,5.7084,44.669,4.536
865,3.5755,5.7087,44.24,4.35
866,3.5755,5.709,44.735,4.488
867,3.5755,5.7136,65.858,6.103
868,3.5755,5.7109,69.183,6.686
869,3.5755,5.7099,34.477,3.224
870,3.5755,5.7133,66.296,7.165
871,3.5755,5.7121,45.545,3.781
872,3.5756,5.7082,68.989,7.376
873,3.5756,5.7133,66.155,6.532
874,3.5756,5.7143,24.242,2.851
875,3.5756,5.7098,33.805,2.872
876,3.5756,5.7141,68.644,6.287
877,3.5756,5.7103,45.038,4.764
878,3.5756,5.7139,68.692,7.654
879,3.5756,5.7121,45.929,4.91
880,3.5756,5.7119,68.415,6.325
881,3.5756,5.7118,69.435,6.816
882,3.5756,5.712,69.616,7.36
883,3.5756,5.716,69.302,7.551
884,3.5756,5.7138,66.194,6.843
885,3.5756,5.7127,65.943,6.828
886,3.5756,5.7097,34.801,3.56
887,3.5756,5.7092,40.398,4.214
888,3.5757,5.7097,34.211,2.94
889,3.5757,5.7165,76.73,7.228
890,3.5757,5.7121,26.622,2.852
891,3.5757,5.7111,68.269,6.649
892,3.5757,5.714,68.896,6.622
893,3.5757,5.7164,34.692,3.274
894,3.5757,5.7145,76.573,7.651
895,3.5757,5.7126,66.497,6.457
896,3.5757,5.7123,68.493,5.998
897,3.5757,5.7132,68.389,7.325
898,3.5757,5.7163,14.805,1.318
899,3.5757,5.7143,15.297,1.319
900,3.5757,5.7146,69.274,7.535
901,3.5757,5.7147,21.247,1.885
902,3.5757,5.7144,15.227,2.018
903,3.5757,5.7105,44.931,5.194
904,3.5757,5.7087,69.08,6.137
905,3.5758,5.7083,42.498,4.215
906,3.5758,5.716,66.111,6.371
907,3.5758,5.7152,21.762,2.12
908,3.5758,5.7116,68.351,6.536
909,3.5758,5.7146,69.026,6.637
910,3.5758,5.7143,14.954,1.591
911,3.5758,5.7163,67.244,6.476
912,3.5758,5.714,21.277,2.738
913,3.5758,5.7092,66.465,7.073
914,3.5758,5.712,69.272,7.178
915,3.5758,5.713,68.473,7.853
916,3.5758,5.7142,14.855,1.236
917,3.5758,5.7153,22.371,2.219
918,3.5758,5.7123,66.696,7
919,3.5758,5.7165,66.272,7.409
920,3.5758,5.7089,66.513,6.415
921,3.5758,5.7115,68.241,6.96
922,3.5758,5.7125,67.077,6.767
923,3.5758,5.7131,67.087,6.309
924,3.5758,5.7151,21.536,2.246
925,3.5758,5.7113,33.922,3.029
926,3.5758,5.7077,68.343,6.497
927,3.5758,5.7134,66.266,5.288
928,3.5758,5.7112,34.461,3.6
929,3.5758,5.7149,33.942,2.609
930,3.5758,5.7148,22.042,1.911
931,3.5759,5.7164,66.283,7.364
932,3.5759,5.7126,66.989,6.642
933,3.5759,5.713,67.148,6.602
934,3.5759,5.7091,65.544,6.887
935,3.5759,5.7112,34.05,3.272
936,3.5759,5.7146,21.348,2.928
937,3.5759,5.7099,65.984,6.619
938,3.5759,5.7153,33.864,3.76
939,3.5759,5.7132,65.92,6.555
940,3.5759,5.7145,21.625,2.354
941,3.5759,5.7113,33.785,3.297
942,3.5759,5.7094,69.889,7.393
943,3.5759,5.71,66.251,7.416
944,3.5759,5.7103,45.385,4.558
945,3.5759,5.7156,34.4,3.673
946,3.5759,5.7133,65.747,6.602
947,3.5759,5.7141,21.462,1.831
948,3.5759,5.7127,44.947,3.58
949,3.5759,5.7136,66.043,7.517
950,3.5759,5.7142,17.463,1.451
951,3.5759,5.7138,27.073,2.942
952,3.576,5.7117,69.068,6.753
953,3.576,5.714,26.253,2.152
954,3.576,5.7126,59.337,6.262
955,3.576,5.7138,21.35,1.746
956,3.576,5.7085,69.052,6.723
957,3.576,5.7091,62.407,6.019
958,3.576,5.7167,18.115,2.588
959,3.576,5.7166,17.007,0.911
960,3.576,5.7142,21.766,1.942
961,3.576,5.715,17.496,1.95
962,3.576,5.7165,17.699,1.331
963,3.576,5.7169,66.1,6.288
964,3.576,5.7097,66.004,6.567
965,3.576,5.7127,66.68,6.6
966,3.576,5.7131,66.92,6.931
967,3.576,5.7171,66.973,7.04
968,3.576,5.7104,66.433,6.88
969,3.576,5.7093,62.136,6.098
970,3.576,5.717,66.189,6.437
971,3.576,5.7125,60.252,6.14
972,3.576,5.7098,66.733,5.984
973,3.576,5.7132,69.599,6.636
974,3.576,5.7159,23.206,1.99
975,3.576,5.7134,67.182,6.32
976,3.576,5.7133,66.278,7.438
977,3.5761,5.7133,69.377,7.715
978,3.5761,5.7131,67.347,5.926
979,3.5761,5.709,66.221,6.972
980,3.5761,5.7156,15.144,1.971
981,3.5761,5.7164,14.768,2.086
982,3.5761,5.7143,17.436,1.739
983,3.5761,5.7078,69.63,7.325
984,3.5761,5.7162,26.256,2.424
985,3.5761,5.7144,20.987,1.638
986,3.5761,5.7147,23.02,2.563
987,3.5761,5.7142,21.429,2.14
988,3.5761,5.7087,69.066,7.141
989,3.5761,5.7165,34.164,4.622
990,3.5761,5.7171,66.032,6.481
991,3.5761,5.715,17.931,2.383
992,3.5761,5.7167,65.674,6.884
993,3.5761,5.7132,68.656,6.554
994,3.5761,5.7093,66.723,6.668
995,3.5761,5.7163,24.053,2.243
996,3.5761,5.7149,23.008,2.964
997,3.5761,5.7085,68.58,6.392
998,3.5761,5.7103,65.82,6.169
999,3.5761,5.7107,66.734,5.644
1000,3.5762,5.7132,66.291,6.037
1001,3.5762,5.7085,68.611,7.078
1002,3.5762,5.7151,69.78,6.825
1003,3.5762,5.7157,15.675,1.789
1004,3.5762,5.7086,69.498,6.976
1005,3.5762,5.7158,68.615,6.359
1006,3.5762,5.715,45.7,4.505
1007,3.5762,5.7084,68.11,7.277
1008,3.5762,5.7156,21.238,1.368
1009,3.5762,5.7145,71.075,5.864
1010,3.5762,5.7147,34.882,3.302
1011,3.5762,5.7162,69.456,6.064
1012,3.5762,5.7171,21.261,1.811
1013,3.5762,5.7165,66.975,6.123
1014,3.5762,5.7168,66.431,6.184
1015,3.5762,5.7105,66.752,6.256
1016,3.5762,5.7111,45.12,4.036
1017,3.5762,5.7143,69.066,6.579
1018,3.5762,5.7127,66.653,6.455
1019,3.5762,5.716,68.732,6.839
1020,3.5762,5.7117,33.902,3.858
1021,3.5762,5.7155,27.021,2.574
1022,3.5762,5.7167,67.173,7.805
1023,3.5762,5.7139,66.553,7.692
1024,3.5762,5.7148,34.31,3.237
1025,3.5762,5.7144,70.863,7.956
1026,3.5762,5.7094,67.254,6.952
1027,3.5762,5.7133,66.035,5.761
1028,3.5762,5.717,14.713,1.071
1029,3.5762,5.7109,44.348,3.61
1030,3.5762,5.7096,66.686,5.584
1031,3.5762,5.7088,69.209,7.117
1032,3.5762,5.7083,68.478,7.215
1033,3.5763,5.7161,66.879,5.364
1034,3.5763,5.7157,23.627,1.698
1035,3.5763,5.714,68.718,6.657
1036,3.5763,5.7106,66.853,6.817
1037,3.5763,5.7158,69.242,8.169
1038,3.5763,5.7078,68.969,7.392
1039,3.5763,5.716,69.794,7.717
1040,3.5763,5.7154,25.894,3.449
1041,3.5763,5.7164,68.409,7.23
1042,3.5763,5.7087,68.613,6.243
1043,3.5763,5.7146,71.256,8.018
1044,3.5763,5.7147,66.658,7.117
1045,3.5763,5.7121,68.428,5.961
1046,3.5763,5.7114,44.213,4.704
1047,3.5763,5.7168,66.297,6.725
1048,3.5763,5.7127,34.004,3.679
1049,3.5763,5.7187,23.993,2.409
1050,3.5763,5.712,34.436,3.665
1051,3.5763,5.7094,62.312,6.613
1052,3.5763,5.717,45.157,4.296
1053,3.5763,5.7134,66.792,6.304
1054,3.5763,5.7093,61.835,6.215
1055,3.5764,5.7166,42.916,4.371
1056,3.5764,5.7163,68.71,7.239
1057,3.5764,5.7169,66.264,7.22
1058,3.5764,5.7152,33.791,3.16
1059,3.5764,5.7114,68.547,6.631
1060,3.5764,5.7138,66.503,6.634
1061,3.5764,5.7118,34.091,3.427
1062,3.5764,5.7154,68.728,6.956
1063,3.5764,5.7083,69.149,6.781
1064,3.5764,5.7107,66.733,7.535
1065,3.5764,5.7081,68.595,6.836
1066,3.5764,5.7156,45.247,3.879
1067,3.5764,5.7162,33.891,3.739
1068,3.5764,5.7089,66.131,6.461
1069,3.5764,5.7153,33.672,1.74
1070,3.5764,5.7087,68.796,7.534
1071,3.5764,5.7129,66.806,6.641
1072,3.5764,5.7148,68.918,7.472
1073,3.5764,5.7097,66.032,7.242
1074,3.5764,5.7142,68.957,6.386
1075,3.5764,5.7117,45.03,5.439
1076,3.5764,5.7186,66.716,5.835
1077,3.5764,5.7119,44.414,5.083
1078,3.5764,5.7116,66.07,6.945
1079,3.5764,5.7108,65.957,6.249
1080,3.5764,5.709,69.623,7.296
1081,3.5764,5.712,69.419,7.231
1082,3.5764,5.7103,65.68,6.672
1083,3.5764,5.7133,69.518,5.923
1084,3.5764,5.7086,69.284,6.213
1085,3.5765,5.711,65.777,6.282
1086,3.5765,5.7148,20.974,1.11
1087,3.5765,5.712,67.099,5.732
1088,3.5765,5.7082,68.672,7.457
1089,3.5765,5.717,34.04,3.518
1090,3.5765,5.7123,66.702,6.159
1091,3.5765,5.7149,69.359,6.933
1092,3.5765,5.7147,68.497,7.649
1093,3.5765,5.7078,69.071,7.073
1094,3.5765,5.7167,26.19,2.903
1095,3.5765,5.7111,44.658,3.602
1096,3.5765,5.7138,66.417,6.441
1097,3.5765,5.7168,44.776,4.024
1098,3.5765,5.7157,34.051,3.784
1099,3.5765,5.7143,69.039,7.232
1100,3.5765,5.7113,45.587,4.896
1101,3.5765,5.7106,66.943,5.56
1102,3.5765,5.7182,68.951,7.219
1103,3.5765,5.7153,69.615,7.12
1104,3.5765,5.7165,26.328,2.481
1105,3.5765,5.7133,66.783,6.045
1106,3.5765,5.7158,34.227,3.386
1107,3.5765,5.7162,23.305,1.795
1108,3.5765,5.7077,69.1,6.851
1109,3.5766,5.7152,45.327,3.937
1110,3.5766,5.7105,66.241,6.139
1111,3.5766,5.7139,68.948,6.315
1112,3.5766,5.7183,66.148,5.931
1113,3.5766,5.7114,44.965,5.416
1114,3.5766,5.7081,69.016,7.149
1115,3.5766,5.7116,45.358,5.229
1116,3.5766,5.7141,34.006,3.262
1117,3.5766,5.7113,45.114,4.626
1118,3.5766,5.7102,66.627,6.381
1119,3.5766,5.7083,68.668,6.83
1120,3.5766,5.7171,66.213,7.015
1121,3.5766,5.7148,34.605,3.264
1122,3.5766,5.7112,45.212,4.612
1123,3.5766,5.7156,69.904,7.185
1124,3.5766,5.7104,66.341,6.254
1125,3.5766,5.7155,71.194,6.576
1126,3.5766,5.7106,69.083,6.332
1127,3.5766,5.7147,44.874,3.997
1128,3.5766,5.715,45.152,4.429
1129,3.5766,5.7091,66.08,7.207
1130,3.5766,5.7097,66.865,6.384
1131,3.5766,5.7088,66.478,6.564
1132,3.5767,5.7188,39.705,3.641
1133,3.5767,5.7147,68.926,7.073
1134,3.5767,5.7168,26.406,1.872
1135,3.5767,5.7138,66.974,6.597
1136,3.5767,5.7146,71.037,7.917
1137,3.5767,5.7112,44.143,4.232
1138,3.5767,5.7125,67.037,6.788
1139,3.5767,5.7095,68.52,6.648
1140,3.5767,5.7102,67.209,7.064
1141,3.5767,5.716,66.216,6.085
1142,3.5767,5.7092,66.332,6.661
1143,3.5767,5.7086,66.702,6.849
1144,3.5767,5.7128,66.466,6.514
1145,3.5767,5.7165,15.21,1.919
1146,3.5767,5.7118,44.991,4.691
1147,3.5767,5.7108,66.874,6.74
1148,3.5767,5.714,45.362,4.877
1149,3.5767,5.712,66.312,5.946
1150,3.5767,5.7107,66.126,6.163
1151,3.5767,5.7135,66.782,5.916
1152,3.5767,5.7091,68.643,6.485
1153,3.5767,5.7159,22.176,2.046
1154,3.5768,5.7091,65.999,6.009
1155,3.5768,5.7149,33.737,2.471
1156,3.5768,5.7125,66.825,6.71
1157,3.5768,5.7153,20.76,2.033
1158,3.5768,5.7141,69.452,6.707
1159,3.5768,5.716,21.904,2.753
1160,3.5768,5.7114,34.417,3.316
1161,3.5768,5.714,67.113,6.733
1162,3.5768,5.7092,65.978,6.84
1163,3.5768,5.7167,39.991,4.891
1164,3.5768,5.7132,66.679,6.674
1165,3.5768,5.7173,66.904,7.229
1166,3.5768,5.713,66.463,5.952
1167,3.5768,5.7078,69.739,6.316
1168,3.5768,5.7163,14.781,2.827
1169,3.5768,5.7143,33.66,4.228
1170,3.5768,5.7123,75.931,7.064
1171,3.5768,5.7095,67.143,6.424
1172,3.5768,5.7161,44.635,3.863
1173,3.5768,5.7093,66.206,6.78
1174,3.5768,5.7134,69.882,7.435
1175,3.5768,5.7094,34.138,3.921
1176,3.5768,5.7155,21.432,2.059
1177,3.5768,5.7104,65.593,6.553
1178,3.5768,5.7171,68.539,5.562
1179,3.5769,5.7132,67.204,6.634
1180,3.5769,5.7151,20.809,1.108
1181,3.5769,5.7137,25.541,2.485
1182,3.5769,5.7098,66.965,6.974
1183,3.5769,5.717,67.354,6.572
1184,3.5769,5.7166,33.68,3.712
1185,3.5769,5.7164,65.973,6.762
1186,3.5769,5.7148,33.571,3.253
1187,3.5769,5.7186,69.088,6.921
1188,3.5769,5.7168,44.44,4.111
1189,3.5769,5.7165,23.447,0.936
1190,3.5769,5.7118,66.32,6.256
1191,3.5769,5.7097,66.964,6.936
1192,3.5769,5.7133,66.296,6.752
1193,3.5769,5.7113,44.643,4.296
1194,3.5769,5.71,66.004,5.956
1195,3.5769,5.7136,65.957,6.434
1196,3.5769,5.7126,44.344,4.293
1197,3.5769,5.7159,33.934,3.267
1198,3.5769,5.7141,70.759,6.846
1199,3.5769,5.7107,66.932,7.227
1200,3.5769,5.7099,67.123,7.81
1201,3.5769,5.7129,66.06,6.672
1202,3.5769,5.716,21.091,1.218
1203,3.5769,5.7143,33.997,4.643
1204,3.5769,5.7127,44.913,3.968
1205,3.5769,5.7092,67.117,7.667
1206,3.577,5.7094,66.851,5.403
1207,3.577,5.7156,20.913,1.831
1208,3.577,5.713,44.572,5.106
1209,3.577,5.7139,71.005,7.186
1210,3.577,5.7123,45.3,4.644
1211,3.577,5.715,33.992,3.614
1212,3.577,5.7154,76.354,7.944
1213,3.577,5.7087,69.156,7.61
1214,3.577,5.7097,65.951,5.884
1215,3.577,5.7152,34.103,3.609
1216,3.577,5.71,67.059,6.99
1217,3.577,5.7165,34.153,3.658
1218,3.577,5.7098,66.972,6.836
1219,3.577,5.7129,66.533,6.929
1220,3.577,5.7107,66.289,7.166
1221,3.577,5.7137,65.978,6.362
1222,3.577,5.7089,69.403,7.137
1223,3.577,5.7133,65.91,6.068
1224,3.577,5.716,34.338,2.985
1225,3.577,5.7101,66.511,7.048
1226,3.577,5.7096,34.136,2.179
1227,3.577,5.7167,33.971,3.004
1228,3.577,5.7143,33.866,2.581
1229,3.577,5.7124,44.348,4.422
1230,3.577,5.7099,66.218,6.587
1231,3.5771,5.7103,33.642,3.529
1232,3.5771,5.7117,45.498,4.196
1233,3.5771,5.7107,66.458,5.602
1234,3.5771,5.7183,68.731,6.964
1235,3.5771,5.7102,66.832,6.523
1236,3.5771,5.713,44.374,5.031
1237,3.5771,5.7119,60.527,7.154
1238,3.5771,5.7148,68.717,7.11
1239,3.5771,5.7082,68.943,6.858
1240,3.5771,5.7077,68.884,7.163
1241,3.5771,5.7151,69.324,6.203
1242,3.5771,5.7142,70.923,6.934
1243,3.5771,5.7128,66.602,5.866
1244,3.5771,5.716,69.193,7.745
1245,3.5771,5.7104,68.826,6.762
1246,3.5771,5.7098,66.06,7.033
1247,3.5771,5.715,69.143,6.661
1248,3.5771,5.714,71.275,6.652
1249,3.5771,5.7175,69.313,7.19
1250,3.5771,5.7154,32.395,3.277
1251,3.5771,5.7123,33.758,3.839
1252,3.5771,5.7141,71.679,7.586
1253,3.5771,5.7081,66.642,7.309
1254,3.5771,5.7092,66.789,5.503
1255,3.5771,5.7143,66.166,6.796
1256,3.5771,5.7105,66.616,6.246
1257,3.5771,5.7159,69.091,6.924
1258,3.5772,5.7163,32.319,3.399
1259,3.5772,5.7161,45.177,3.65
1260,3.5772,5.7165,44.911,4.864
1261,3.5772,5.7159,69.118,6.622
1262,3.5772,5.7126,34.214,3.66
1263,3.5772,5.7151,34.453,3.645
1264,3.5772,5.7104,66.857,5.997
1265,3.5772,5.7134,66.383,6.98
1266,3.5772,5.7188,68.387,7.228
1267,3.5772,5.7115,45.05,4.506
1268,3.5772,5.7157,70.975,6.85
1269,3.5772,5.713,65.711,7.405
1270,3.5772,5.7156,33.433,3.059
1271,3.5772,5.7153,34.417,3.724
1272,3.5772,5.7149,34.045,3.059
1273,3.5772,5.7164,66.888,6.007
1274,3.5772,5.7082,68.889,6.514
1275,3.5772,5.7095,67.112,6.702
1276,3.5773,5.7099,66.486,6.539
1277,3.5773,5.7161,68.235,6.479
1278,3.5773,5.717,44.432,4.232
1279,3.5773,5.7162,66.818,6.135
1280,3.5773,5.7151,45.011,4.573
1281,3.5773,5.7157,71.192,7.093
1282,3.5773,5.7146,33.393,3.513
1283,3.5773,5.7174,69.234,7.405
1284,3.5773,5.7131,66.218,6.978
1285,3.5773,5.714,71.093,7.692
1286,3.5773,5.7156,33.611,2.844
1287,3.5773,5.7081,68.908,6.645
1288,3.5773,5.7118,67.084,6.832
1289,3.5773,5.7172,66.629,6.531
1290,3.5773,5.7165,68.329,7.226
1291,3.5773,5.7173,68.712,6.707
1292,3.5773,5.7114,66.409,7.751
1293,3.5773,5.7159,69.107,6.468
1294,3.5774,5.7111,65.82,6.475
1295,3.5774,5.7142,70.263,7.35
1296,3.5774,5.711,33.889,3.1
1297,3.5774,5.7158,68.678,7.083
1298,3.5774,5.7112,69.576,5.956
1299,3.5774,5.7145,34.633,3.324
1300,3.5774,5.7133,67.007,7.883
1301,3.5774,5.7119,45.304,4.081
1302,3.5774,5.7091,66.275,6.82
1303,3.5774,5.7183,68.546,6.574
1304,3.5774,5.7176,69.086,6.779
1305,3.5774,5.7156,33.998,3.708
1306,3.5774,5.7162,68.985,6.438
1307,3.5774,5.7094,66.891,6.441
1308,3.5774,5.7181,68.555,6.434
1309,3.5774,5.7115,66.737,6.537
1310,3.5774,5.7147,71.564,7.879
1311,3.5775,5.7181,69.205,7.049
1312,3.5775,5.7146,34.346,2.51
1313,3.5775,5.7125,33.137,2.532
1314,3.5775,5.7111,33.934,3.5
1315,3.5775,5.7093,66.506,6.529
1316,3.5775,5.7082,69.457,6.888
1317,3.5775,5.711,34.37,3.724
1318,3.5775,5.7164,68.823,7.437
1319,3.5775,5.7159,34.731,3.324
1320,3.5775,5.712,45.05,5.322
1321,3.5775,5.7162,66.4,5.678
1322,3.5775,5.7158,34.358,3.555
1323,3.5775,5.7119,39.623,4.582
1324,3.5775,5.7165,44.46,3.452
1325,3.5775,5.7095,66.685,6.866
1326,3.5775,5.716,69.801,6.513
1327,3.5775,5.7107,34.214,3.265
1328,3.5775,5.7149,33.96,4.121
1329,3.5775,5.7151,65.38,6.578
1330,3.5775,5.715,68.688,7.546
1331,3.5775,5.7096,66.13,7.051
1332,3.5776,5.7115,27.249,2.995
1333,3.5776,5.7121,32.152,2.657
1334,3.5776,5.7147,71.531,6.006
1335,3.5776,5.7122,31.95,2.694
1336,3.5776,5.7164,69.334,7.035
1337,3.5776,5.7119,33.995,3.899
1338,3.5776,5.7153,33.973,3.834
1339,3.5776,5.7078,69.172,6.211
1340,3.5776,5.7097,65.895,5.944
1341,3.5776,5.7151,66.739,7.138
1342,3.5776,5.7177,69.445,6.097
1343,3.5776,5.7123,44.511,3.951
1344,3.5776,5.7148,71.171,7.657
1345,3.5776,5.7125,44.406,4.973
1346,3.5776,5.7173,68.923,6.434
1347,3.5777,5.7116,45.297,4.816
1348,3.5777,5.7154,69.185,7.149
1349,3.5777,5.715,68.531,6.727
1350,3.5777,5.7165,69.638,7.581
1351,3.5777,5.7149,70.882,7.455
1352,3.5777,5.7177,69.363,7.24
1353,3.5777,5.7152,68.907,8.209
1354,3.5777,5.716,34.329,4.697
1355,3.5777,5.7155,34.895,3.438
1356,3.5777,5.7164,68.477,7.373
1357,3.5777,5.7179,68.037,6.509
1358,3.5777,5.7119,41.504,3.528
1359,3.5777,5.7079,68.944,6.507
1360,3.5777,5.7169,66.202,6.093
1361,3.5777,5.7175,68.495,6.361
1362,3.5777,5.7139,70.525,6.776
1363,3.5777,5.7124,45.211,4.981
1364,3.5777,5.7109,33.912,3.756
1365,3.5777,5.7117,67.384,6.752
1366,3.5777,5.7143,71.052,7.451
1367,3.5778,5.7165,69.097,7.626
1368,3.5778,5.7177,69.004,6.427
1369,3.5778,5.7154,68.845,6.822
1370,3.5778,5.7161,69.148,6.958
1371,3.5778,5.7121,34.003,4.179
1372,3.5778,5.7172,69.857,7.857
1373,3.5778,5.7152,69.729,7.286
1374,3.5778,5.7163,69.377,7.125
1375,3.5778,5.7077,69.178,6.267
1376,3.5778,5.7156,45.178,4.503
1377,3.5778,5.7115,45.594,4.322
1378,3.5778,5.7111,34.375,4.145
1379,3.5778,5.7148,68.892,6.441
1380,3.5779,5.711,34.695,3.704
1381,3.5779,5.7139,70.93,7.908
1382,3.5779,5.7078,69.502,7.275
1383,3.5779,5.7163,68.556,7.035
1384,3.5779,5.7152,68.964,7.097
1385,3.578,5.7112,34.231,2.949
1386,3.578,5.7087,68.179,7.512
1387,3.578,5.7168,68.9,6.716
1388,3.578,5.7157,69.411,7.239
1389,3.578,5.7161,33.941,3.935
1390,3.578,5.7145,68.486,7.995
1391,3.578,5.7155,68.89,6.661
1392,3.578,5.7163,66.576,6.397
1393,3.578,5.7171,67.174,6.392
1394,3.578,5.7083,69.753,7.128
1395,3.5781,5.7178,68.937,6.366
1396,3.5781,5.7113,45.589,4.836
1397,3.5781,5.7159,66.741,6.35
1398,3.5781,5.7135,71.481,7.178
1399,3.5781,5.7115,69.636,6.586
1400,3.5781,5.7093,66.96,6.603
1401,3.5782,5.7118,33.955,2.939
1402,3.5782,5.7176,71.543,6.477
1403,3.5782,5.7144,71.457,7.331
1404,3.5782,5.7178,68.165,7.79
1405,3.5782,5.717,69.66,7.927
1406,3.5782,5.7115,26.547,2.349
1407,3.5782,5.7079,69.373,6.605
1408,3.5782,5.7077,68.733,7.143
1409,3.5782,5.7147,69.195,6.872
1410,3.5782,5.7116,66.87,6.759
1411,3.5782,5.7119,34.258,3.53
1412,3.5782,5.7172,69.789,7.047
1413,3.5783,5.7169,66.781,6.76
1414,3.5783,5.7154,69.143,7.495
1415,3.5783,5.7098,69.127,7.519
1416,3.5783,5.7159,66.256,6.413
1417,3.5783,5.7187,69.086,5.893
1418,3.5783,5.7097,68.716,6.63
1419,3.5783,5.7083,69.402,7.379
1420,3.5783,5.7184,68.574,8.101
1421,3.5783,5.7176,69.533,7.409
1422,3.5783,5.7177,68.823,7.31
1423,3.5783,5.7139,70.772,6.498
1424,3.5783,5.709,66.572,7.073
1425,3.5783,5.7164,68.976,6.782
1426,3.5784,5.7155,68.673,7.341
1427,3.5784,5.7162,34.38,3.025
1428,3.5784,5.7118,33.442,3.562
1429,3.5784,5.7117,66.351,6.264
1430,3.5784,5.7166,66.203,6.358
1431,3.5784,5.716,69.277,7.005
1432,3.5784,5.7182,68.817,6.243
1433,3.5784,5.7171,69.031,6.495
1434,3.5784,5.7164,69.468,6.679
1435,3.5784,5.7156,66.863,6.431
1436,3.5784,5.7101,66.087,5.307
1437,3.5784,5.7157,66.595,6.81
1438,3.5784,5.7092,69.014,6.984
1439,3.5784,5.71,66.171,6.501
1440,3.5784,5.7084,66.487,6.405
1441,3.5785,5.7117,66.626,6.503
1442,3.5785,5.7078,66.567,6.325
1443,3.5785,5.7128,69.613,7.595
1444,3.5785,5.7133,68.41,7.602
1445,3.5785,5.714,70.537,7.829
1446,3.5785,5.7118,34.558,3.56
1447,3.5785,5.717,66.451,7.183
1448,3.5785,5.7095,65.972,6.574
1449,3.5785,5.7163,67.351,6.949
1450,3.5785,5.7179,69.053,7.497
1451,3.5785,5.7139,70.897,6.357
1452,3.5785,5.7093,69.696,7.313
1453,3.5785,5.7178,71.312,7.07
1454,3.5785,5.7157,65.886,7.044
1455,3.5786,5.7162,66.723,6.341
1456,3.5786,5.7143,68.507,6.586
1457,3.5786,5.7114,69.079,6.495
1458,3.5786,5.7115,69.179,5.825
1459,3.5786,5.7164,59.541,6.573
1460,3.5786,5.7088,69.167,5.699
1461,3.5786,5.7159,76.495,6.306
1462,3.5786,5.7094,68.494,7.712
1463,3.5786,5.7096,68.666,7.388
1464,3.5786,5.7186,69.446,7.013
1465,3.5786,5.7167,69.423,7.496
1466,3.5786,5.7118,34.205,3.522
1467,3.5786,5.7134,69.6,6.974
1468,3.5787,5.7118,34.569,3.434
1469,3.5787,5.7102,69.145,6.978
1470,3.5787,5.7148,70.323,7.271
1471,3.5787,5.7095,65.731,4.99
1472,3.5787,5.7087,66.186,5.473
1473,3.5787,5.7093,68.218,6.615
1474,3.5787,5.7167,65.798,6.93
1475,3.5787,5.7092,66.566,6.316
1476,3.5787,5.7081,69.796,7.349
1477,3.5787,5.7116,68.914,7.787
1478,3.5787,5.7188,70.232,7.508
1479,3.5787,5.7094,69.124,6.925
1480,3.5788,5.7115,68.637,6.782
1481,3.5788,5.7183,68.686,6.8
1482,3.5788,5.7128,68.174,7.092
1483,3.5788,5.7079,66.195,6.98
1484,3.5788,5.7117,69.521,6.84
1485,3.5788,5.709,66.869,6.037
1486,3.5788,5.715,71.206,6.742
1487,3.5789,5.7154,68.821,7.083
1488,3.5789,5.7092,66.334,7.504
1489,3.5789,5.7186,68.288,6.682
1490,3.5789,5.7086,68.722,6.183
1491,3.5789,5.7095,69.242,6.874
1492,3.5789,5.716,69.085,6.333
1493,3.5789,5.7078,68.502,7.584
1494,3.5789,5.7165,76.501,7.612
1495,3.5789,5.7147,69.354,7.488
1496,3.579,5.71,69.014,6.878
1497,3.579,5.7188,69.766,7.125
1498,3.579,5.7129,69.374,7.45
1499,3.579,5.7167,68.104,5.917
1500,3.579,5.7136,68.929,7.342
1501,3.579,5.7078,26.462,2.566
1502,3.579,5.7087,64.27,6.254
1503,3.579,5.7125,44.246,4.154
1504,3.579,5.7134,69.049,7.841
1505,3.579,5.7077,68.757,6.595
1506,3.5791,5.7092,66.879,6.396
1507,3.5791,5.7093,66.602,7.293
1508,3.5791,5.7097,66.05,6.624
1509,3.5791,5.7077,68.978,7.51
1510,3.5791,5.7165,71.032,7.037
1511,3.5791,5.7086,67.097,6.346
1512,3.5791,5.7128,69.328,6.765
1513,3.5791,5.7094,66.486,6.616
1514,3.5791,5.7083,65,5.777
1515,3.5792,5.71,68.484,7.242
1516,3.5792,5.7144,68.965,6.78
1517,3.5792,5.7188,65.882,6.67
1518,3.5792,5.7124,68.526,6.167
1519,3.5792,5.7166,68.951,6.376
1520,3.5792,5.7084,64.711,6.124
1521,3.5792,5.715,68.976,7.884
1522,3.5792,5.716,76.355,6.926
1523,3.5792,5.7153,71.345,6.519
1524,3.5792,5.7086,66.201,6.858
1525,3.5793,5.7154,69.761,5.926
1526,3.5793,5.7122,69.272,6.611
1527,3.5793,5.7125,69.427,7.36
1528,3.5793,5.7121,69.503,6.798
1529,3.5793,5.7155,68.363,6.998
1530,3.5793,5.7153,68.456,6.786
1531,3.5793,5.7137,69.479,6.475
1532,3.5794,5.7124,66.942,7.493
1533,3.5794,5.7151,69.493,6.761
1534,3.5794,5.7091,68.784,5.711
1535,3.5794,5.7145,68.876,6.783
1536,3.5794,5.7152,69.494,7.328
1537,3.5794,5.7126,68.444,6.978
1538,3.5794,5.7089,69.11,6.443
1539,3.5795,5.7089,45.071,5.076
1540,3.5795,5.71,69.084,6.855
1541,3.5795,5.7099,69.698,7.242
1542,3.5795,5.7183,69.243,7.441
1543,3.5795,5.7159,76.259,7.866
1544,3.5795,5.7151,69.814,6.767
1545,3.5795,5.7167,69.605,7.95
1546,3.5795,5.7093,69.431,7.036
1547,3.5795,5.716,68.572,7.493
1548,3.5795,5.7188,66.177,6.408
1549,3.5796,5.7095,69.714,6.64
1550,3.5796,5.7099,69.799,7.489
1551,3.5796,5.7098,69.189,6.907
1552,3.5796,5.7177,71.124,7.173
1553,3.5796,5.7148,70.264,7.474
1554,3.5796,5.7125,66.856,7.505
1555,3.5796,5.7128,69.164,6.902
1556,3.5796,5.7138,70.837,6.926
1557,3.5796,5.715,69.359,6.594
1558,3.5796,5.7167,68.944,6.636
1559,3.5796,5.7158,76.121,7.785
1560,3.5797,5.7092,68.97,7.235
1561,3.5797,5.7099,68.302,6.618
1562,3.5797,5.7128,68.43,5.647
1563,3.5797,5.7117,68.98,6.341
1564,3.5797,5.7162,69.202,7.029
1565,3.5797,5.7188,66.24,7.478
1566,3.5797,5.7095,68.147,7.393
1567,3.5798,5.7094,68.358,6.682
1568,3.5798,5.7175,68.611,6.254
1569,3.5798,5.7097,68.678,6.877
1570,3.5798,5.7096,68.365,5.801
1571,3.5798,5.7135,33.849,3.179
1572,3.5798,5.7134,69.05,7.422
1573,3.5798,5.7176,68.735,6.681
1574,3.5798,5.71,69.09,7.37
1575,3.5798,5.7117,69.247,6.418
1576,3.5798,5.7151,68.716,7.699
1577,3.5798,5.7174,68.163,7.248
1578,3.5798,5.7144,68.584,6.035
1579,3.5799,5.7097,69.04,6.608
1580,3.5799,5.7125,69.324,7.193
1581,3.5799,5.7143,69.621,6.99
1582,3.5799,5.7151,68.331,7.065
1583,3.5799,5.7141,68.7,7.099
1584,3.5799,5.7168,69.041,7.01
1585,3.5799,5.7098,66.077,6.765
1586,3.5799,5.7137,69.062,7.23
1587,3.5799,5.718,68.062,7.705
1588,3.5799,5.7121,69.549,6.738
1589,3.5799,5.7135,69.09,6.464
1590,3.58,5.7176,69.324,7.184
1591,3.58,5.71,66.279,6.422
1592,3.58,5.716,68.915,7.125
1593,3.58,5.7127,68.451,6.523
1594,3.58,5.7186,34.849,3.107
1595,3.5801,5.717,69.126,7.759
1596,3.5801,5.7183,69.508,6.982
1597,3.5801,5.7169,68.987,7.451
1598,3.5801,5.7114,68.961,7.067
1599,3.5801,5.7112,69.369,6.676
1600,3.5801,5.7155,68.839,6.918
1601,3.5801,5.7171,69.448,7.735
1602,3.5802,5.7188,69.469,6.599
1603,3.5802,5.7143,69.006,7.078
1604,3.5802,5.7185,69.073,6.992
1605,3.5803,5.7152,59.902,5.863
1606,3.5803,5.7121,69.106,7.144
1607,3.5803,5.7186,69.832,6.781
1608,3.5803,5.7169,69.041,6.874
1609,3.5804,5.7158,68.491,7.44
1610,3.5804,5.716,68.15,6.142
1611,3.5804,5.7183,68.745,6.984
1612,3.5804,5.7143,65.75,6.346
1613,3.5804,5.7157,68.66,7.079
1614,3.5805,5.7173,68.234,7.49
1615,3.5805,5.7188,69.786,5.622
1616,3.5805,5.7172,68.86,7.546
1617,3.5805,5.7186,69.463,7.542
1618,3.5806,5.7183,71.203,7.157
1619,3.5806,5.7112,69.694,7.245
1620,3.5806,5.7122,70.882,7.89
1621,3.5806,5.712,69.049,6.036
1622,3.5806,5.7116,68.61,6.934
1623,3.5806,5.7126,71.018,6.831
1624,3.5806,5.7187,68.856,7.009
1625,3.5806,5.7182,69.078,7.244
1626,3.5807,5.7123,70.637,8.007
1627,3.5807,5.7106,70.278,6.785
1628,3.5807,5.7158,68.6,7.507
1629,3.5807,5.7181,68.607,7.672
1630,3.5807,5.7099,70.987,7.893
1631,3.5807,5.7167,68.891,6.528
1632,3.5808,5.7171,69.217,6.732
1633,3.5808,5.7114,68.458,5.995
1634,3.5808,5.713,70.795,6.827
1635,3.5808,5.7179,68.79,6.825
1636,3.5808,5.7183,69.357,7.659
1637,3.5808,5.7185,70.943,6.98
1638,3.5808,5.7178,69.205,7.414
1639,3.5808,5.7175,69.471,7.498
1640,3.5808,5.7173,69.543,7.458
1641,3.5809,5.71,70.721,5.653
1642,3.5809,5.7122,71.638,6.543
1643,3.5809,5.708,69.146,6.526
1644,3.581,5.7081,68.373,6.74
1645,3.5693,5.7158,40.103,4.519
1646,3.5693,5.7143,40.13,4.278
1647,3.5694,5.7138,40.871,3.789
1648,3.5694,5.7153,40.024,4.336
1649,3.5694,5.7085,39.963,4.179
1650,3.5695,5.7121,66.986,6.52
1651,3.5695,5.716,39.683,4.183
1652,3.5695,5.7116,37.355,4.188
1653,3.5696,5.7115,36.802,3.16
1654,3.5696,5.716,39.677,4.059
1655,3.5696,5.713,40.006,4.174
1656,3.5696,5.7127,39.925,3.838
1657,3.5697,5.715,36.873,4.748
1658,3.5697,5.7127,37.624,3.459
1659,3.5697,5.7081,39.45,4.335
1660,3.5698,5.7128,39.933,4.21
1661,3.5698,5.7117,76.511,8.35
1662,3.5698,5.7144,39.415,3.82
1663,3.5698,5.7159,37.776,3.394
1664,3.5699,5.7156,37.507,4.576
1665,3.5699,5.7076,69.204,6.688
1666,3.5699,5.7129,39.464,3.314
1667,3.5699,5.7153,39.83,4.192
1668,3.5699,5.7136,40.029,4.908
1669,3.5699,5.7148,42.338,4.485
1670,3.5699,5.7127,38.013,3.823
1671,3.57,5.7144,39.962,4.609
1672,3.57,5.7128,39.437,3.944
1673,3.57,5.7137,39.139,3.706
1674,3.57,5.715,42.507,4.908
1675,3.57,5.7126,37.64,3.898
1676,3.57,5.7078,40.695,4.225
1677,3.5701,5.7138,38.399,3.829
1678,3.5701,5.7185,37.506,3.801
1679,3.5701,5.715,42.132,4.289
1680,3.5701,5.7127,37.249,3.53
1681,3.5701,5.7184,37.342,3.057
1682,3.5701,5.7079,40.112,4.219
1683,3.5701,5.7077,40.098,4.17
1684,3.5701,5.7076,39.979,5.009
1685,3.5702,5.7141,40.822,3.929
1686,3.5702,5.7128,39.776,3.548
1687,3.5702,5.7145,37.403,3.078
1688,3.5702,5.7142,52.713,5.092
1689,3.5702,5.7143,52.242,5.453
1690,3.5702,5.7182,39.967,4.286
1691,3.5703,5.7186,37.56,3.633
1692,3.5703,5.7182,39.519,4.261
1693,3.5703,5.7145,40.332,3.597
1694,3.5703,5.7079,40.751,4.322
1695,3.5703,5.7183,66.057,6.347
1696,3.5703,5.708,40.044,4.173
1697,3.5703,5.7083,39.71,3.84
1698,3.5703,5.7181,37.129,3.529
1699,3.5704,5.7156,40.514,3.605
1700,3.5704,5.7081,42.485,4.484
1701,3.5704,5.7181,37.881,3.567
1702,3.5705,5.7082,40.048,4.727
1703,3.5705,5.7149,37.443,4.159
1704,3.5705,5.7181,62.704,6.699
1705,3.5705,5.7083,40.449,3.978
1706,3.5706,5.7183,37.869,3.857
1707,3.5706,5.7084,39.775,4.241
1708,3.5706,5.7154,67.119,7.624
1709,3.5707,5.7147,39.407,5.663
1710,3.5707,5.718,37.587,3.6
1711,3.5708,5.715,65.96,6.732
1712,3.5708,5.7084,40.159,4.433
1713,3.5708,5.7148,65.796,6.207
1714,3.5708,5.7184,37.539,3.222
1715,3.5709,5.7147,39.504,4.301
1716,3.5709,5.7083,40.164,4.32
1717,3.5709,5.718,39.878,4.182
1718,3.5709,5.7184,40.92,3.481
1719,3.571,5.7184,39.299,3.861
1720,3.5711,5.7181,38.066,4.945
1721,3.5711,5.7086,39.804,4.689
1722,3.5712,5.7176,39.977,4.37
1723,3.5712,5.7179,40.47,3.531
1724,3.5712,5.7183,40.062,4.491
1725,3.5713,5.7078,42.292,4.798
1726,3.5713,5.7088,40.253,3.642
1727,3.5713,5.7178,39.608,4.165
1728,3.5713,5.7183,52.43,4.382
1729,3.5714,5.7181,52.806,4.318
1730,3.5714,5.7077,43.201,4.205
1731,3.5714,5.7088,39.444,3.817
1732,3.5715,5.7076,42.621,4.288
1733,3.5715,5.7176,39.771,4.731
1734,3.5715,5.7079,39.685,4.266
1735,3.5716,5.7151,37.249,3.455
1736,3.5716,5.7188,39.781,4.079
1737,3.5717,5.7184,39.845,4.487
1738,3.5717,5.7187,40.492,4.744
1739,3.5718,5.7091,62.971,5.876
1740,3.5719,5.7187,40.494,3.814
1741,3.5719,5.7082,42.276,4.734
1742,3.5719,5.708,42.498,3.5
1743,3.572,5.7187,39.982,3.84
1744,3.572,5.7081,42.303,4.072
1745,3.572,5.708,42.272,4.536
1746,3.572,5.7185,39.899,4.009
1747,3.572,5.709,65.848,6.533
1748,3.5721,5.7085,37.694,3.197
1749,3.5721,5.7082,42.199,3.679
1750,3.5721,5.7179,39.495,4.504
1751,3.5722,5.7082,42.546,4.14
1752,3.5722,5.7187,37.294,3.795
1753,3.5722,5.7188,39.634,3.321
1754,3.5722,5.7185,40.72,4.001
1755,3.5723,5.7084,41.833,4.065
1756,3.5723,5.7187,37.753,4.654
1757,3.5723,5.7177,37.303,3.492
1758,3.5724,5.7094,42.672,4.192
1759,3.5724,5.7187,61.909,6.02
1760,3.5724,5.7084,42.686,4.566
1761,3.5724,5.7081,39.355,2.78
1762,3.5724,5.7141,42.287,3.34
1763,3.5724,5.7085,39.829,4.423
1764,3.5724,5.7171,40.444,4.446
1765,3.5724,5.7173,40.67,4.237
1766,3.5724,5.7082,40.603,3.402
1767,3.5725,5.7141,42.381,5.157
1768,3.5725,5.7077,39.237,3.945
1769,3.5725,5.7135,38.434,4.535
1770,3.5725,5.717,40.059,4.181
1771,3.5725,5.7142,42.152,4.915
1772,3.5726,5.7142,37.519,3.213
1773,3.5726,5.717,39.973,3.85
1774,3.5726,5.7175,37.674,3.878
1775,3.5726,5.7084,42.621,4.73
1776,3.5726,5.7093,39.878,4.777
1777,3.5727,5.7136,38.23,3.511
1778,3.5727,5.7084,42.409,3.93
1779,3.5727,5.7173,62.366,6.064
1780,3.5727,5.7188,21.541,1.36
1781,3.5727,5.7092,39.914,4.283
1782,3.5727,5.7187,19.795,1.618
1783,3.5727,5.7176,62.527,6.057
1784,3.5727,5.7178,43.354,3.992
1785,3.5727,5.7183,40.217,4.358
1786,3.5728,5.7099,42.366,4.232
1787,3.5728,5.7085,42.537,3.733
1788,3.5729,5.7133,42.692,3.797
1789,3.5729,5.7079,40.577,4.605
1790,3.573,5.7186,26.274,2.833
1791,3.573,5.7176,39.542,4.34
1792,3.5731,5.708,39.946,3.64
1793,3.5731,5.7155,42.811,4.095
1794,3.5731,5.7144,39.648,3.824
1795,3.5731,5.7085,42.5,3.11
1796,3.5731,5.7087,39.458,4.214
1797,3.5731,5.7091,40.687,3.526
1798,3.5731,5.717,42.96,4.757
1799,3.5731,5.7097,39.515,3.644
1800,3.5731,5.7077,26.455,2.339
1801,3.5732,5.7151,42.743,4.995
1802,3.5732,5.7152,42.966,3.975
1803,3.5732,5.7087,60.751,6.167
1804,3.5732,5.7097,41.815,3.711
1805,3.5733,5.7111,40.095,4.058
1806,3.5733,5.7109,39.489,3.868
1807,3.5733,5.7104,51.687,4.909
1808,3.5733,5.7151,43.012,4.313
1809,3.5733,5.7094,40.684,3.924
1810,3.5733,5.7149,43.001,4.691
1811,3.5733,5.711,39.757,4.295
1812,3.5733,5.7084,66.307,6.557
1813,3.5733,5.7152,53.061,4.053
1814,3.5734,5.7087,42.766,4.75
1815,3.5734,5.7078,42.831,3.779
1816,3.5734,5.7098,41.846,4.146
1817,3.5734,5.7111,41.732,4.819
1818,3.5734,5.7154,51.965,4.901
1819,3.5734,5.711,40.48,3.874
1820,3.5734,5.7107,42.767,3.688
1821,3.5734,5.7103,40.116,4.855
1822,3.5734,5.7127,34.464,3.877
1823,3.5734,5.71,40.204,3.46
1824,3.5735,5.7114,37.378,3.522
1825,3.5735,5.7125,43.278,4.171
1826,3.5735,5.7123,39.666,4.506
1827,3.5735,5.7118,39.946,3.895
1828,3.5735,5.7129,39.273,3.519
1829,3.5735,5.7141,23.344,2.369
1830,3.5735,5.7132,39.4,3.897
1831,3.5735,5.7102,59.764,5.94
1832,3.5735,5.7168,42.504,3.973
1833,3.5735,5.7161,40.095,3.643
1834,3.5736,5.7086,42.465,4.245
1835,3.5736,5.7105,40.215,3.981
1836,3.5736,5.7182,16.215,2.161
1837,3.5736,5.7108,40.561,4.035
1838,3.5736,5.7122,51.976,5.442
1839,3.5736,5.7173,40.46,4.013
1840,3.5737,5.7111,66.418,7.186
1841,3.5737,5.7169,39.78,4.328
1842,3.5737,5.7138,4.889,0.312
1843,3.5737,5.718,22.183,3.334
1844,3.5737,5.7113,66.371,5.983
1845,3.5737,5.7143,41.846,4.142
1846,3.5737,5.7103,60.006,6.574
1847,3.5737,5.7181,24.197,1.512
1848,3.5738,5.7156,37.668,3.845
1849,3.5738,5.7157,40.037,2.936
1850,3.5738,5.7169,39.554,3.71
1851,3.5738,5.7166,66.043,5.631
1852,3.5738,5.7121,52.552,5.663
1853,3.5738,5.7131,17.797,2.205
1854,3.5738,5.7149,33.704,2.843
1855,3.5738,5.7148,17.18,1.442
1856,3.5739,5.7103,42.523,4.628
1857,3.5739,5.7118,68.052,7.508
1858,3.5739,5.7157,40.692,4.286
1859,3.5739,5.714,17.177,1.457
1860,3.574,5.7158,42.541,3.595
1861,3.574,5.7118,22.743,1.843
1862,3.574,5.7108,40.58,3.688
1863,3.574,5.7078,42.424,4.634
1864,3.574,5.7152,39.64,3.761
1865,3.574,5.7123,15.184,1.172
1866,3.5741,5.709,42.135,4.17
1867,3.5741,5.7144,69.07,7.19
1868,3.5741,5.7185,42.78,5.098
1869,3.5741,5.7154,40.557,4.703
1870,3.5741,5.7177,18.093,1.975
1871,3.5742,5.7186,34.19,4.086
1872,3.5742,5.7109,24.188,2.745
1873,3.5742,5.7184,39.753,4.814
1874,3.5742,5.7107,15.108,1.751
1875,3.5742,5.7185,34.165,4.167
1876,3.5742,5.718,24.218,2.183
1877,3.5742,5.7183,23.834,2.549
1878,3.5742,5.7077,33.692,2.772
1879,3.5742,5.7129,21.699,2.222
1880,3.5743,5.7122,15.429,2.061
1881,3.5743,5.7079,26.225,2.515
1882,3.5743,5.7151,15.139,1.192
1883,3.5743,5.7081,41.97,4.442
1884,3.5743,5.718,23.188,2.039
1885,3.5744,5.7122,15.875,2.232
1886,3.5744,5.7117,15.331,1.353
1887,3.5744,5.7182,14.863,1.478
1888,3.5744,5.7185,34.18,3.277
1889,3.5744,5.7103,40.201,3.926
1890,3.5744,5.7112,14.48,1.128
1891,3.5745,5.7082,39.977,3.902
1892,3.5745,5.7182,23.367,1.639
1893,3.5745,5.7177,22.077,2.451
1894,3.5745,5.7129,44.404,3.941
1895,3.5745,5.718,23.421,2.028
1896,3.5746,5.7175,23.814,2.081
1897,3.5746,5.7176,23.314,2.04
1898,3.5746,5.7126,44.733,3.873
1899,3.5746,5.7116,14.947,2.295
1900,3.5746,5.7108,39.303,4.403
1901,3.5747,5.7174,22.675,2.627
1902,3.5747,5.7115,44.769,3.914
1903,3.5747,5.7176,23.902,4.169
1904,3.5747,5.7137,17.257,2.204
1905,3.5747,5.7086,40.609,3.793
1906,3.5748,5.7176,23.015,1.737
1907,3.5748,5.7183,43.149,3.465
1908,3.5748,5.7086,39.668,3.774
1909,3.5748,5.7179,5.463,0.271
1910,3.5749,5.713,66.931,6.438
1911,3.5749,5.7131,66.444,6.884
1912,3.575,5.7179,5.349,0.978
1913,3.575,5.71,26.199,2.355
1914,3.5751,5.7098,40.218,4.246
1915,3.5751,5.7144,21.955,1.847
1916,3.5751,5.7082,24.18,2.695
1917,3.5751,5.7129,68.776,6.271
1918,3.5752,5.7128,76.915,8.634
1919,3.5752,5.718,62.489,5.448
1920,3.5752,5.7188,70.801,7.972
1921,3.5752,5.7077,40.171,4.301
1922,3.5753,5.718,68.683,6.963
1923,3.5753,5.7188,71.494,7.7
1924,3.5753,5.71,39.458,4.557
1925,3.5753,5.7138,15.324,2.151
1926,3.5753,5.7137,70.364,6.58
1927,3.5753,5.7128,51.95,5.275
1928,3.5753,5.7094,42.28,4.348
1929,3.5753,5.7187,68.422,7.129
1930,3.5754,5.7105,34.15,4.356
1931,3.5754,5.7101,45.401,4.737
1932,3.5754,5.7129,52.059,4.523
1933,3.5754,5.7109,68.98,6.083
1934,3.5755,5.716,68.843,7.002
1935,3.5755,5.711,69.321,7.413
1936,3.5755,5.7188,69.257,7.188
1937,3.5755,5.7101,39.466,3.926
1938,3.5755,5.71,37.302,3.502
1939,3.5755,5.7078,68.868,5.998
1940,3.5755,5.7107,33.814,4.027
1941,3.5756,5.7188,68.662,6.582
1942,3.5756,5.7087,68.963,6.324
1943,3.5756,5.7144,14.866,1.126
1944,3.5756,5.7083,66.164,6.277
1945,3.5756,5.7161,65.85,6.785
1946,3.5756,5.7081,66.839,6.641
1947,3.5756,5.7162,18.104,1.613
1948,3.5756,5.7094,69.117,6.305
1949,3.5756,5.7079,69.381,6.694
1950,3.5756,5.71,40.443,3.847
1951,3.5757,5.7091,44.951,4.36
1952,3.5757,5.7106,45.025,5.06
1953,3.5757,5.7117,22.241,2.019
1954,3.5757,5.7135,23.959,2.329
1955,3.5757,5.716,69.152,6.553
1956,3.5757,5.7103,45.069,4.872
1957,3.5757,5.7094,68.906,6.05
1958,3.5757,5.7161,65.799,6.639
1959,3.5757,5.7138,26.243,1.585
1960,3.5757,5.7089,45.469,4.127
1961,3.5757,5.7078,66.328,6.276
1962,3.5757,5.7166,67.106,5.542
1963,3.5758,5.7109,44.399,4.356
1964,3.5758,5.7094,69.192,6.791
1965,3.5758,5.7155,33.255,3.499
1966,3.5758,5.7098,68.617,5.933
1967,3.5758,5.7137,34.148,3.025
1968,3.5758,5.7124,68.547,7.407
1969,3.5758,5.7162,66.706,6.697
1970,3.5758,5.7139,20.516,1.005
1971,3.5758,5.7078,66.529,7.173
1972,3.5758,5.7156,33.267,2.926
1973,3.5758,5.717,15.241,1.063
1974,3.5758,5.7081,67.357,7.144
1975,3.5758,5.7105,45.533,4.568
1976,3.5758,5.71,68.951,6.495
1977,3.5759,5.7114,44.584,4.239
1978,3.5759,5.7139,20.622,1.455
1979,3.5759,5.7108,44.473,4.862
1980,3.5759,5.7111,44.397,3.825
1981,3.5759,5.7096,65.826,6.179
1982,3.5759,5.717,14.248,1.697
1983,3.5759,5.7154,26.256,2.005
1984,3.5759,5.7088,68.251,5.906
1985,3.5759,5.714,18.403,1.995
1986,3.5759,5.7151,59.899,6.648
1987,3.5759,5.711,45.025,4.879
1988,3.5759,5.7115,45.227,4.479
1989,3.5759,5.7148,75.818,7.691
1990,3.5759,5.7119,68.89,6.659
1991,3.576,5.7145,34.518,4.226
1992,3.576,5.7084,69.862,5.968
1993,3.576,5.7113,45.615,4.901
1994,3.576,5.7146,16.964,1.095
1995,3.576,5.7155,23.472,1.864
1996,3.576,5.7109,33.882,3.767
1997,3.576,5.7151,76.021,7.491
1998,3.576,5.7099,45.415,4.914
1999,3.576,5.7158,45.037,4.508
2000,3.576,5.7086,68.281,7.601
2001,3.576,5.7112,45.469,4.142
2002,3.576,5.7161,24.184,1.97
2003,3.576,5.7089,69.142,7.038
2004,3.576,5.7077,65.948,7.325
2005,3.5761,5.7116,45.173,4.149
2006,3.5761,5.7168,69.379,7.023
2007,3.5761,5.7081,67.136,6.202
2008,3.5761,5.7095,45.384,4.2
2009,3.5761,5.7084,69.37,6.711
2010,3.5761,5.7097,45.548,4.728
2011,3.5761,5.7083,34.805,3.186
2012,3.5761,5.7153,76.098,7.293
2013,3.5761,5.7159,44.05,3.705
2014,3.5761,5.7169,66.003,7.03
2015,3.5761,5.7108,34.11,3.052
2016,3.5761,5.717,24.037,2.087
2017,3.5761,5.7148,18.173,1.899
2018,3.5761,5.7106,44.684,4.563
2019,3.5761,5.7082,26.135,2.833
2020,3.5762,5.71,69.001,6.847
2021,3.5762,5.7161,68.35,7.169
2022,3.5762,5.7114,45.277,4.393
2023,3.5762,5.7164,21.326,3.248
2024,3.5762,5.7153,76.08,7.862
2025,3.5762,5.7131,68.414,7.174
2026,3.5762,5.7123,59.934,5.564
2027,3.5762,5.7118,45.452,4.303
2028,3.5762,5.709,69.128,7.069
2029,3.5762,5.7082,68.939,6.174
2030,3.5763,5.7122,60.365,6.566
2031,3.5763,5.7116,45.795,4.784
2032,3.5763,5.715,33.774,3.501
2033,3.5763,5.7184,23.66,1.622
2034,3.5763,5.71,69.258,6.667
2035,3.5763,5.7082,68.698,7.714
2036,3.5763,5.7095,33.484,3.555
2037,3.5763,5.7115,45.107,4.137
2038,3.5763,5.7091,45.37,4.698
2039,3.5763,5.7162,34.306,4.286
2040,3.5763,5.7123,34.601,3.566
2041,3.5763,5.7113,39.729,4.237
2042,3.5763,5.7182,70.744,7.955
2043,3.5764,5.7088,68.907,6.434
2044,3.5764,5.7182,69.238,7.437
2045,3.5764,5.7167,45.568,3.947
2046,3.5764,5.7095,65.718,5.792
2047,3.5764,5.7185,21.504,3.297
2048,3.5764,5.7188,71.042,7.034
2049,3.5764,5.7113,40.399,3.669
2050,3.5764,5.7158,33.977,3.362
2051,3.5764,5.7161,27.399,2.45
2052,3.5764,5.7101,69.377,6.496
2053,3.5765,5.7159,21.504,3.141
2054,3.5765,5.716,23.497,2.786
2055,3.5765,5.7164,15.202,1.531
2056,3.5765,5.7109,45.498,4.893
2057,3.5765,5.7092,66.048,6.761
2058,3.5765,5.7097,69.598,6.414
2059,3.5765,5.7145,76.409,6.59
2060,3.5766,5.7164,14.95,2.188
2061,3.5766,5.7184,68.899,6.2
2062,3.5766,5.7084,68.568,5.457
2063,3.5766,5.7134,69.106,7.193
2064,3.5766,5.7167,26.762,2.266
2065,3.5766,5.7119,66.366,6.584
2066,3.5766,5.7126,68.803,7.136
2067,3.5766,5.709,44.686,5.27
2068,3.5767,5.7184,69.361,6.847
2069,3.5767,5.7163,45.044,4.703
2070,3.5767,5.7122,59.703,4.95
2071,3.5767,5.7161,34.09,3.54
2072,3.5767,5.7077,66.068,6.708
2073,3.5767,5.7139,68.867,6.148
2074,3.5767,5.7117,45.242,4.466
2075,3.5767,5.7085,69.162,6.966
2076,3.5767,5.7156,68.707,6.384
2077,3.5767,5.7145,76.282,7.325
2078,3.5767,5.7078,67.151,6.469
2079,3.5767,5.71,66.616,6.935
2080,3.5767,5.7088,68.659,6.42
2081,3.5767,5.7166,45.472,4.479
2082,3.5767,5.7105,66.652,6.565
2083,3.5768,5.7185,68.868,7.418
2084,3.5768,5.7156,69.721,7.496
2085,3.5768,5.7086,68.977,7.179
2086,3.5768,5.71,67.117,6.535
2087,3.5768,5.7089,68.955,7.022
2088,3.5768,5.7077,69.189,6.37
2089,3.5769,5.7184,69.415,6.931
2090,3.5769,5.7157,68.971,6.205
2091,3.5769,5.7188,68.673,6.798
2092,3.577,5.7103,66.693,5.59
2093,3.577,5.7175,69.19,6.634
2094,3.577,5.7077,68.27,6.946
2095,3.577,5.7105,66.282,5.965
2096,3.577,5.7164,21.426,2.851
2097,3.577,5.7104,66.459,7.006
2098,3.577,5.7102,34.266,4.494
2099,3.577,5.7091,68.696,6.069
2100,3.577,5.7181,68.313,6.438
2101,3.577,5.717,45.239,4.234
2102,3.577,5.7092,66.91,6.971
2103,3.5771,5.7115,32.601,3.374
2104,3.5771,5.7168,33.789,3.392
2105,3.5771,5.7157,69.339,6.893
2106,3.5771,5.7171,69.615,6.911
2107,3.5771,5.7096,69.13,7.089
2108,3.5771,5.7116,44.932,4.393
2109,3.5771,5.709,33.655,3.11
2110,3.5771,5.7161,21.932,2.34
2111,3.5771,5.7097,66.631,6.289
2112,3.5771,5.7158,68.377,6.597
2113,3.5771,5.7184,68.573,5.867
2114,3.5771,5.71,66.389,6.915
2115,3.5772,5.7079,68.656,6.891
2116,3.5772,5.7122,20.516,2.175
2117,3.5772,5.7154,22.126,2.089
2118,3.5772,5.7182,68.866,7.042
2119,3.5772,5.7083,69.196,5.96
2120,3.5772,5.7105,66.804,6.99
2121,3.5772,5.7162,42.673,5.508
2122,3.5773,5.7091,69.643,7.041
2123,3.5773,5.7078,69.175,5.914
2124,3.5773,5.7107,66.569,6.102
2125,3.5773,5.712,21.62,1.397
2126,3.5773,5.7137,71.185,7.048
2127,3.5773,5.7097,66.47,6.589
2128,3.5773,5.7121,20.123,2.165
2129,3.5773,5.7141,67.26,6.68
2130,3.5773,5.713,45.924,4.997
2131,3.5773,5.7171,34.086,2.945
2132,3.5774,5.7095,66.093,6.1
2133,3.5774,5.7188,69.731,6.773
2134,3.5774,5.7169,34.301,3.228
2135,3.5774,5.7098,66.357,7.021
2136,3.5774,5.7122,34.832,3.62
2137,3.5774,5.7121,20.561,2.168
2138,3.5774,5.7174,69.023,6.692
2139,3.5774,5.7083,66.876,6.612
2140,3.5774,5.7084,69.424,5.506
2141,3.5775,5.7167,33.854,3.853
2142,3.5775,5.7128,44.34,4.188
2143,3.5775,5.7157,34.283,3.2
2144,3.5775,5.7127,44.453,4.695
2145,3.5775,5.7122,32.944,3.111
2146,3.5775,5.7113,26.857,2.841
2147,3.5775,5.7154,69.105,8.005
2148,3.5775,5.7109,33.746,3.317
2149,3.5775,5.7078,68.687,7.027
2150,3.5775,5.7188,68.612,7.315
2151,3.5775,5.7178,65.5,8.144
2152,3.5775,5.7133,44.457,4.144
2153,3.5776,5.7107,34.18,3.438
2154,3.5776,5.7172,66.785,5.943
2155,3.5776,5.7112,34.044,4.078
2156,3.5776,5.7077,68.202,6.254
2157,3.5776,5.7174,69.247,7.237
2158,3.5776,5.7081,65.956,7.095
2159,3.5776,5.7113,44.583,4.621
2160,3.5776,5.7114,45.399,4.382
2161,3.5777,5.7144,33.175,3.362
2162,3.5777,5.712,34.138,2.657
2163,3.5777,5.7157,21.246,2.259
2164,3.5777,5.7135,71.455,6.992
2165,3.5777,5.7148,34.434,3.036
2166,3.5777,5.7159,21.644,1.633
2167,3.5777,5.7107,33.254,3.899
2168,3.5777,5.7158,21.882,2.341
2169,3.5777,5.7183,69.885,6.435
2170,3.5778,5.7123,21.104,1.197
2171,3.5778,5.7108,34.546,3.857
2172,3.5778,5.7078,68.579,7.483
2173,3.5778,5.7113,44.432,4.959
2174,3.5778,5.7124,44.876,3.841
2175,3.5778,5.7107,33.467,3.3
2176,3.5778,5.7114,44.189,4.476
2177,3.5778,5.7118,66.453,6.943
2178,3.5778,5.7122,45.006,5.471
2179,3.5779,5.7077,68.885,7.289
2180,3.5779,5.715,68.24,6.061
2181,3.578,5.716,45.112,3.481
2182,3.578,5.7119,44.311,3.894
2183,3.578,5.7121,45.017,4.097
2184,3.5781,5.7141,33.13,2.398
2185,3.5781,5.7116,65.909,6.862
2186,3.5781,5.7184,69.089,6.868
2187,3.5781,5.7144,68.92,6.488
2188,3.5781,5.7174,69.566,7.405
2189,3.5782,5.7113,41.714,3.734
2190,3.5782,5.7096,69.449,6.439
2191,3.5782,5.7114,45.697,4.393
2192,3.5782,5.7152,71.255,7.199
2193,3.5783,5.7093,68.468,7.199
2194,3.5783,5.7099,68.932,6.972
2195,3.5783,5.7096,68.429,6.127
2196,3.5783,5.7095,69.002,7.811
2197,3.5783,5.7118,45.332,3.741
2198,3.5784,5.7099,68.577,7.231
2199,3.5784,5.7179,68.676,6.882
2200,3.5784,5.7097,66.447,6.796
2201,3.5784,5.7178,71.551,7.258
2202,3.5785,5.7189,69.147,7.122
2203,3.5785,5.7143,70.698,7.078
2204,3.5785,5.7094,66.819,6.404
2205,3.5785,5.7155,66.34,6.377
2206,3.5786,5.7097,45.643,5.153
2207,3.5786,5.7117,71.167,7.282
2208,3.5786,5.7102,44.126,4.656
2209,3.5786,5.7099,45.232,3.991
2210,3.5786,5.7119,34.544,3.728
2211,3.5786,5.7079,69.63,7.182
2212,3.5787,5.7119,33.963,3.741
2213,3.5787,5.7088,44.853,4.803
2214,3.5787,5.7179,68.398,7.237
2215,3.5787,5.7165,66.415,7.316
2216,3.5787,5.7155,66.06,6.459
2217,3.5787,5.7096,68.883,6.351
2218,3.5787,5.7139,68.499,7.146
2219,3.5787,5.7157,69.792,6.377
2220,3.5787,5.7078,69.402,7.358
2221,3.5788,5.7097,69.001,5.899
2222,3.5788,5.7094,42.285,3.957
2223,3.5788,5.713,71.182,6.834
2224,3.5788,5.7172,68.927,6.325
2225,3.5788,5.7142,69.013,7.456
2226,3.5788,5.7093,42.484,3.374
2227,3.5788,5.7099,65.982,6.928
2228,3.5789,5.7097,68.605,6.266
2229,3.5789,5.7145,69.592,7.402
2230,3.5789,5.7138,68.177,6.909
2231,3.5789,5.7091,68.78,6.232
2232,3.5789,5.7083,69.04,7.396
2233,3.5789,5.7079,26.028,2.97
2234,3.5789,5.7093,69.301,7.345
2235,3.5789,5.7141,69.379,7.888
2236,3.5789,5.7102,68.573,6.794
2237,3.5789,5.7081,69.092,7.387
2238,3.579,5.7096,69.253,7.271
2239,3.579,5.7097,68.963,7.259
2240,3.579,5.7143,69.275,6.698
2241,3.579,5.708,44.747,5.024
2242,3.579,5.7082,68.631,6.259
2243,3.579,5.7147,69.036,6.502
2244,3.579,5.7144,21.555,2.068
2245,3.579,5.7151,69.139,6.797
2246,3.579,5.7101,65.716,6.504
2247,3.579,5.7079,34.34,2.476
2248,3.579,5.7161,66.469,7.017
2249,3.5791,5.7087,33.295,3.061
2250,3.5791,5.7183,69.462,5.704
2251,3.5791,5.7163,68.64,6.476
2252,3.5791,5.7169,69.708,7.424
2253,3.5791,5.7179,68.662,6.175
2254,3.5791,5.7186,70.837,7.481
2255,3.5791,5.7141,68.824,6.928
2256,3.5791,5.7184,68.696,6.493
2257,3.5791,5.7147,33.988,3.026
2258,3.5791,5.7117,69.427,6.775
2259,3.5791,5.7152,69.255,7.513
2260,3.5792,5.7148,68.486,7.275
2261,3.5792,5.7179,71.14,7.601
2262,3.5792,5.7157,70.814,8.558
2263,3.5792,5.7132,68.714,7.098
2264,3.5792,5.7096,66.013,6.364
2265,3.5792,5.7091,69.719,5.99
2266,3.5793,5.7089,67.302,7.393
2267,3.5793,5.7118,68.763,6.328
2268,3.5793,5.7099,68.658,7.633
2269,3.5793,5.7189,68.764,6.958
2270,3.5793,5.709,39.311,3.802
2271,3.5793,5.7086,42.396,3.403
2272,3.5793,5.7146,21.152,2.021
2273,3.5793,5.7145,69.545,6.012
2274,3.5793,5.715,69.015,6.908
2275,3.5793,5.7093,68.571,7.188
2276,3.5794,5.7117,71.164,6.798
2277,3.5794,5.7161,59.547,5.674
2278,3.5794,5.7098,68.598,7.042
2279,3.5794,5.7138,69.02,6.581
2280,3.5794,5.716,60.277,6.247
2281,3.5794,5.7148,69.101,7.091
2282,3.5794,5.7163,76.433,7.708
2283,3.5794,5.715,69.748,6.556
2284,3.5794,5.7143,69.087,6.433
2285,3.5794,5.7095,68.304,7.426
2286,3.5794,5.7093,44.967,4.4
2287,3.5795,5.7094,44.906,4.216
2288,3.5795,5.7096,68.278,7.045
2289,3.5795,5.7098,68.246,6.837
2290,3.5795,5.7158,21.936,2.423
2291,3.5795,5.7117,71.166,7.321
2292,3.5795,5.7092,67.458,7.022
2293,3.5795,5.7153,68.907,6.839
2294,3.5795,5.713,69.347,6.718
2295,3.5795,5.7176,71.369,7.91
2296,3.5795,5.7145,69.641,7.453
2297,3.5796,5.7149,68.724,6.675
2298,3.5796,5.7163,68.706,7.955
2299,3.5796,5.7154,21.661,2.339
2300,3.5796,5.7152,68.744,6.536
2301,3.5796,5.7096,68.904,7.497
2302,3.5796,5.7118,69.002,7.378
2303,3.5796,5.7184,69.489,7.618
2304,3.5796,5.7179,69.061,7.493
2305,3.5796,5.7168,69.546,6.829
2306,3.5796,5.718,68.829,7.092
2307,3.5797,5.7153,69.285,7.056
2308,3.5797,5.7148,68.151,6.983
2309,3.5797,5.7182,68.394,7.38
2310,3.5797,5.7168,76.366,8.225
2311,3.5797,5.7096,69.779,7.105
2312,3.5797,5.714,68.39,6.749
2313,3.5797,5.7118,68.706,5.798
2314,3.5797,5.71,66.38,5.898
2315,3.5797,5.7097,66.184,6.24
2316,3.5797,5.7147,68.954,6.623
2317,3.5798,5.7118,69.32,6.455
2318,3.5798,5.7148,68.878,6.835
2319,3.5798,5.7187,33.847,2.374
2320,3.5798,5.718,33.079,3.579
2321,3.5798,5.7188,69.142,7.39
2322,3.5798,5.7154,34.753,3.963
2323,3.5798,5.7142,68.482,5.939
2324,3.5798,5.7181,34.065,3.037
2325,3.5798,5.7149,68.985,6.755
2326,3.5798,5.7152,69.212,6.606
2327,3.5799,5.7185,33.522,3.064
2328,3.5799,5.7149,68.217,6.809
2329,3.5799,5.7095,66.558,6.92
2330,3.5799,5.7101,68.456,6.076
2331,3.5799,5.716,68.281,6.031
2332,3.5799,5.7156,68.681,6.842
2333,3.5799,5.7157,20.754,2.427
2334,3.5799,5.7176,69.005,5.917
2335,3.5799,5.7123,69.017,7.119
2336,3.58,5.7188,68.604,6.744
2337,3.58,5.7097,66.258,6.675
2338,3.58,5.7173,69.589,7.004
2339,3.58,5.7158,33.74,3.515
2340,3.58,5.7145,68.867,6.049
2341,3.58,5.7155,68.68,6.635
2342,3.58,5.7183,33.886,3.622
2343,3.58,5.7113,71.421,7.668
2344,3.58,5.7174,69.885,7.144
2345,3.58,5.7153,69.276,8.133
2346,3.58,5.7168,69.796,7.084
2347,3.58,5.7128,68.921,6.877
2348,3.58,5.7114,39.565,3.531
2349,3.5801,5.7115,33.589,2.391
2350,3.5801,5.7121,69.294,5.739
2351,3.5801,5.7156,76.45,7.384
2352,3.5802,5.7158,71.134,7.02
2353,3.5802,5.7152,70.853,7.652
2354,3.5802,5.7119,69.272,7.248
2355,3.5802,5.7126,69.303,6.959
2356,3.5802,5.712,68.336,6.861
2357,3.5802,5.7189,33.93,3.29
2358,3.5802,5.7171,70.494,7.091
2359,3.5802,5.7175,69.149,7.09
2360,3.5802,5.7169,68.934,7.088
2361,3.5802,5.7155,76.983,7.125
2362,3.5802,5.7187,33.974,3.149
2363,3.5803,5.7117,71.458,7.287
2364,3.5803,5.7155,76.506,7.67
2365,3.5803,5.7111,68.473,6.989
2366,3.5803,5.7146,69.215,7.372
2367,3.5803,5.712,68.151,7.12
2368,3.5804,5.7189,68.922,6.894
2369,3.5804,5.7115,69.971,6.246
2370,3.5804,5.7172,69.238,6.92
2371,3.5804,5.7124,69.262,7.728
2372,3.5804,5.7148,59.958,5.655
2373,3.5804,5.7147,69.362,7.294
2374,3.5805,5.7157,69.576,7.007
2375,3.5805,5.7142,69.565,7.191
2376,3.5805,5.711,69.347,6.579
2377,3.5805,5.7119,69.023,6.447
2378,3.5805,5.7134,70.19,7.908
2379,3.5806,5.7113,68.662,7.284
2380,3.5806,5.7109,76.398,7.35
2381,3.5806,5.7166,69.298,7.448
2382,3.5806,5.7135,71.036,6.737
2383,3.5806,5.7185,69.417,6.892
2384,3.5807,5.7109,69.183,7.724
2385,3.5807,5.7114,77.055,6.426
2386,3.5807,5.7173,68.87,5.925
2387,3.5807,5.7113,69.35,6.198
2388,3.5807,5.7121,68.125,7.461
2389,3.5807,5.7078,69.479,6.902
2390,3.5807,5.7184,69.162,6.391
2391,3.5807,5.7084,31.82,2.948
2392,3.5807,5.711,26.47,2.79
2393,3.5807,5.7124,68.331,6.001
2394,3.5808,5.7078,76.87,8.653
2395,3.5808,5.7123,69.147,6.9
2396,3.5808,5.7117,68.723,6.26
2397,3.5808,5.7174,77.04,8.282
2398,3.5808,5.7116,69.667,7.099
2399,3.5808,5.7107,33.848,3.511
2400,3.5808,5.7137,71.087,7.636
2401,3.5808,5.7182,68.946,7.224
2402,3.5808,5.7166,69.262,7.134
2403,3.5808,5.7111,39.654,3.503
2404,3.5808,5.7167,68.735,7.033
2405,3.5808,5.7122,68.975,7.481
2406,3.5809,5.7114,68.508,6.183
2407,3.5809,5.7132,69.562,6.782
2408,3.5809,5.7098,69.058,6.968
2409,3.5809,5.7109,31.991,2.655
2410,3.5809,5.7123,68.991,7.771
2411,3.5809,5.7121,69.031,6.238
2412,3.5809,5.7117,69.356,8.14
2413,3.5809,5.711,68.466,6.795
2414,3.5809,5.7115,68.055,7.071
2415,3.5809,5.7113,39.859,4.364
2416,3.5809,5.7097,68.208,6.273
2417,3.581,5.7079,68.543,7.441
2418,3.581,5.7097,70.977,7.859
2419,3.581,5.7096,68.824,7.093
2420,3.5693,5.716,37.103,4.241
2421,3.5694,5.7147,37.583,4.025
2422,3.5694,5.7136,40.333,3.693
2423,3.5694,5.7129,39.701,4.769
2424,3.5694,5.7128,39.947,3.971
2425,3.5694,5.7133,39.286,3.85
2426,3.5694,5.7122,71.713,7.347
2427,3.5694,5.7145,38.115,3.332
2428,3.5694,5.7131,40.192,4.093
2429,3.5694,5.7115,39.392,4.58
2430,3.5695,5.7123,40.027,4.164
2431,3.5695,5.7138,36.783,4.618
2432,3.5695,5.7137,37.547,4.103
2433,3.5695,5.7128,36.912,3.932
2434,3.5696,5.714,37.169,4.033
2435,3.5696,5.7159,37.577,3.48
2436,3.5696,5.7083,39.193,4.987
2437,3.5696,5.7086,39.829,4.26
2438,3.5696,5.7125,39.288,4.04
2439,3.5697,5.7148,37.294,5.047
2440,3.5697,5.714,39.509,4.947
2441,3.5698,5.7127,39.902,3.987
2442,3.5698,5.713,39.606,3.712
2443,3.5698,5.7135,36.133,4.022
2444,3.5698,5.7134,40.011,4.031
2445,3.5699,5.7132,39.814,3.271
2446,3.5699,5.7137,39.823,4.577
2447,3.57,5.7138,39.841,4.605
2448,3.57,5.7143,40.171,3.492
2449,3.5701,5.7135,40.023,3.929
2450,3.5701,5.7081,37.47,3.819
2451,3.5701,5.7142,39.295,3.491
2452,3.5701,5.7187,36.922,4.799
2453,3.5701,5.7157,37.602,4.73
2454,3.5701,5.7149,37.852,3.753
2455,3.5702,5.7157,37.408,4.201
2456,3.5702,5.7138,40.248,3.703
2457,3.5702,5.7183,42.709,4.443
2458,3.5702,5.715,37.819,3.894
2459,3.5702,5.7148,37.805,4.008
2460,3.5702,5.7139,39.986,3.7
2461,3.5703,5.7154,39.787,3.726
2462,3.5703,5.7139,37.541,4.06
2463,3.5704,5.7148,66.238,6.791
2464,3.5704,5.7139,66.769,6.309
2465,3.5705,5.7186,38.171,4.716
2466,3.5705,5.714,66.907,6.621
2467,3.5705,5.7187,36.91,2.445
2468,3.5705,5.7141,66.258,7.804
2469,3.5706,5.7083,37.859,2.819
2470,3.5706,5.7151,37.815,3.949
2471,3.5707,5.7178,37.482,4.041
2472,3.5707,5.7186,37.563,3.334
2473,3.5707,5.7183,40.5,3.676
2474,3.5708,5.7179,37.348,3.633
2475,3.5708,5.7152,40.345,3.502
2476,3.5708,5.7181,38.014,4.875
2477,3.5709,5.7178,39.954,3.401
2478,3.5709,5.7086,39.267,3.376
2479,3.571,5.7085,37.227,4.424
2480,3.5711,5.7088,39.991,3.995
2481,3.5711,5.7087,37.711,3.91
2482,3.5712,5.718,38.316,2.94
2483,3.5713,5.718,40.504,4.466
2484,3.5714,5.7178,36.793,2.977
2485,3.5714,5.7182,40.157,3.993
2486,3.5714,5.7183,39.823,2.759
2487,3.5715,5.7184,39.91,3.879
2488,3.5715,5.7187,42.503,4.086
2489,3.5715,5.7085,37.44,3.18
2490,3.5716,5.708,42.432,4.437
2491,3.5716,5.7093,66.69,6.64
2492,3.5717,5.7182,39.986,4.262
2493,3.5718,5.7177,40.364,3.684
2494,3.5718,5.7175,39.568,3.959
2495,3.5718,5.7186,39.798,3.609
2496,3.5718,5.7185,39.244,4.041
2497,3.5718,5.7176,39.269,3.872
2498,3.5718,5.7079,39.788,2.953
2499,3.5719,5.7183,40.432,3.706
2500,3.5719,5.7078,42.461,4.064
2501,3.5721,5.7183,39.975,4.289
2502,3.5721,5.7076,42.257,4.145
2503,3.5722,5.7144,37.162,3.644
2504,3.5722,5.7181,39.877,3.789
2505,3.5722,5.7078,42.26,4.256
2506,3.5723,5.7091,37.524,3.96
2507,3.5723,5.7182,40.222,4.419
2508,3.5723,5.7094,40.871,4.832
2509,3.5723,5.7143,37.597,4.666
2510,3.5725,5.7172,38.135,2.951
2511,3.5725,5.7173,37.913,4.562
2512,3.5726,5.7089,66.604,6.859
2513,3.5726,5.7137,38.046,3.747
2514,3.5726,5.708,41.656,4.664
2515,3.5726,5.7095,43.387,4.582
2516,3.5727,5.7174,37.255,3.965
2517,3.5727,5.7133,40.014,3.839
2518,3.5727,5.7169,37.166,3.555
2519,3.5727,5.7079,43.426,4.428
2520,3.5727,5.7172,37.896,2.766
2521,3.5727,5.7078,42.557,3.38
2522,3.5728,5.7135,37.13,3.79
2523,3.5728,5.7172,37.414,4.364
2524,3.5728,5.7173,37.542,3.745
2525,3.5728,5.7095,42.363,4.422
2526,3.5729,5.7097,38.041,3.676
2527,3.5729,5.7172,36.993,3.163
2528,3.5729,5.7132,35.019,3.757
2529,3.5729,5.7137,37.282,3.383
2530,3.5729,5.7099,37.442,3.983
2531,3.573,5.7088,66.69,6.958
2532,3.573,5.7133,42.265,4.037
2533,3.5731,5.7131,40.043,4.081
2534,3.5731,5.71,39.966,4.031
2535,3.5731,5.713,42.102,4.531
2536,3.5731,5.7106,40.109,4.969
2537,3.5732,5.7108,39.66,3.461
2538,3.5732,5.7089,39.507,4.731
2539,3.5732,5.7172,39.554,3.926
2540,3.5732,5.7098,40.199,3.997
2541,3.5732,5.7106,40.345,4.653
2542,3.5732,5.7093,42.348,3.721
2543,3.5732,5.7102,40.036,3.551
2544,3.5732,5.7091,40.534,4.682
2545,3.5732,5.709,40.222,5.272
2546,3.5732,5.7092,39.497,3.366
2547,3.5733,5.713,42.563,5.075
2548,3.5733,5.7182,40.123,3.932
2549,3.5733,5.7148,42.152,3.612
2550,3.5733,5.709,40.256,4.053
2551,3.5733,5.7174,40.304,3.784
2552,3.5733,5.7119,40.057,3.384
2553,3.5733,5.7121,40.149,4.918
2554,3.5734,5.7089,37.778,3.803
2555,3.5734,5.7114,52.788,5.338
2556,3.5735,5.7101,52.314,5.027
2557,3.5735,5.7084,42.774,4.304
2558,3.5735,5.7127,36.234,4.185
2559,3.5735,5.7126,34.41,2.637
2560,3.5735,5.7167,42.462,3.947
2561,3.5736,5.7183,39.59,2.856
2562,3.5736,5.718,23.319,2.479
2563,3.5736,5.7178,23.499,0.947
2564,3.5736,5.7125,37.644,3.84
2565,3.5736,5.7177,45.93,4.242
2566,3.5736,5.7126,38.042,3.538
2567,3.5737,5.7166,42.75,4.806
2568,3.5737,5.712,39.555,3.634
2569,3.5737,5.7122,40.407,3.125
2570,3.5737,5.7155,40.047,2.736
2571,3.5737,5.7089,40.846,4.355
2572,3.5737,5.7087,42.435,4.086
2573,3.5738,5.7117,39.932,4.345
2574,3.5738,5.7167,42.631,4.159
2575,3.5738,5.7113,39.699,4.11
2576,3.5738,5.7118,40.531,4.184
2577,3.5739,5.7144,67.229,6.726
2578,3.5739,5.7149,17.115,1.222
2579,3.5739,5.7153,39.905,3.485
2580,3.574,5.7127,5.112,1.218
2581,3.5741,5.7103,39.884,4.337
2582,3.5741,5.7078,41.899,3.864
2583,3.5741,5.7077,42.287,4.629
2584,3.5742,5.7187,44.977,4.158
2585,3.5743,5.7188,44.557,4.894
2586,3.5744,5.7186,45.812,3.803
2587,3.5745,5.7127,21.575,1.312
2588,3.5745,5.7178,14.177,1.68
2589,3.5746,5.7107,34.112,3.213
2590,3.5747,5.7097,37.507,3.398
2591,3.5747,5.7085,42.126,4.217
2592,3.5747,5.7125,20.652,2.6
2593,3.5747,5.7096,37.098,4.441
2594,3.5747,5.7098,22.074,2.169
2595,3.5748,5.7096,37.108,3.382
2596,3.5748,5.7099,17.692,1.634
2597,3.5748,5.71,17.477,0.937
2598,3.5748,5.7097,39.376,3.56
2599,3.5748,5.7078,42.747,3.585
2600,3.5749,5.7096,42.796,3.112
2601,3.575,5.7099,40.412,4.407
2602,3.5751,5.7182,45.116,5.185
2603,3.5752,5.71,44.081,4.74
2604,3.5752,5.7137,17.706,2.622
2605,3.5752,5.7098,39.529,4.53
2606,3.5752,5.7104,33.48,4.292
2607,3.5752,5.7136,17.281,1.206
2608,3.5753,5.7095,66.377,6.042
2609,3.5754,5.7098,39.257,3.148
2610,3.5754,5.7144,21.445,2.262
2611,3.5754,5.7125,32.505,3.789
2612,3.5754,5.7094,37.972,3.259
2613,3.5754,5.7091,21.577,1.714
2614,3.5755,5.7093,38.208,3.927
2615,3.5756,5.7106,42.37,5.316
2616,3.5756,5.7099,39.902,3.737
2617,3.5756,5.7089,71.177,7.279
2618,3.5756,5.7164,26.71,2.552
2619,3.5757,5.7095,4.614,0.803
2620,3.5757,5.7159,69.686,6.891
2621,3.5757,5.7099,45.28,4.908
2622,3.5758,5.7171,39.37,4.167
2623,3.5759,5.7169,44.927,5.209
2624,3.5759,5.7137,34.382,3.845
2625,3.5759,5.7101,45.01,3.458
2626,3.5759,5.7171,44.813,3.759
2627,3.5759,5.7155,21.625,2.351
2628,3.576,5.7122,26.124,2.746
2629,3.5761,5.7155,21.075,2.15
2630,3.5761,5.7139,69.28,6.924
2631,3.5761,5.7119,69.06,6.349
2632,3.5761,5.7122,52.334,5.166
2633,3.5762,5.7095,68.267,7.054
2634,3.5762,5.7092,45.828,3.639
2635,3.5763,5.7149,34.251,3.42
2636,3.5763,5.7166,39.697,4.903
2637,3.5763,5.711,34.518,4.294
2638,3.5764,5.7149,17.234,2.961
2639,3.5764,5.7165,42.223,3.741
2640,3.5764,5.7164,42.892,4.899
2641,3.5764,5.7092,45.773,4.757
2642,3.5764,5.717,21.781,3.139
2643,3.5764,5.711,34.575,3.869
2644,3.5765,5.7166,42.817,4.797
2645,3.5765,5.7112,44.909,4.929
2646,3.5765,5.7152,23.591,2.176
2647,3.5765,5.7091,34.752,3.616
2648,3.5766,5.7092,45.532,4.325
2649,3.5766,5.7162,26.684,2.962
2650,3.5767,5.7141,33.89,3.354
2651,3.5767,5.7162,66.676,6.718
2652,3.5767,5.7094,66.16,6.443
2653,3.5767,5.7164,17.374,2.041
2654,3.5767,5.7116,34.25,3.436
2655,3.5767,5.7152,32.33,2.746
2656,3.5767,5.7127,45.481,4.358
2657,3.5768,5.7124,70.985,6.846
2658,3.5768,5.7112,66.069,6.619
2659,3.5768,5.7117,34.102,2.804
2660,3.5768,5.7151,31.112,3.117
2661,3.5768,5.7174,68.829,6.719
2662,3.5768,5.7121,26.574,3.404
2663,3.5768,5.7162,33.882,3.359
2664,3.5769,5.7102,44.612,3.815
2665,3.5769,5.7173,69.439,7.2
2666,3.5769,5.7101,34.392,4.326
2667,3.5769,5.7162,33.631,3.259
2668,3.5769,5.7175,69.772,6.915
2669,3.577,5.7161,34.411,3.479
2670,3.577,5.7115,33.866,3.024
2671,3.577,5.7148,22.31,2.516
2672,3.577,5.7149,34.432,3.439
2673,3.577,5.7162,34.116,3.773
2674,3.577,5.7168,21.455,2.451
2675,3.577,5.7121,33.966,2.95
2676,3.5771,5.7155,21.517,2.54
2677,3.5771,5.7162,34.281,3.646
2678,3.5771,5.7152,45.027,5.002
2679,3.5771,5.7178,71.454,7.046
2680,3.5771,5.7086,66.18,5.982
2681,3.5771,5.7145,32.375,4.113
2682,3.5771,5.7113,44.713,3.794
2683,3.5772,5.7175,19.479,1.839
2684,3.5772,5.7169,42.009,5.301
2685,3.5772,5.7123,44.88,4.675
2686,3.5772,5.7097,68.694,7.159
2687,3.5773,5.7109,66.12,5.873
2688,3.5773,5.7155,33.554,3.553
2689,3.5773,5.7154,31.869,3.364
2690,3.5773,5.711,66.428,6.761
2691,3.5773,5.7166,42.3,4.11
2692,3.5773,5.7148,34.038,4.445
2693,3.5774,5.7152,33.698,3.535
2694,3.5774,5.7124,41.752,3.362
2695,3.5774,5.7127,44.916,4.8
2696,3.5774,5.715,33.426,3.116
2697,3.5774,5.7125,41.608,4.748
2698,3.5774,5.7149,33.631,2.74
2699,3.5774,5.7153,34.292,2.584
2700,3.5775,5.7156,32.4,2.402
2701,3.5775,5.7123,31.499,3.4
2702,3.5775,5.7147,21.634,2.103
2703,3.5776,5.7132,44.223,4.344
2704,3.5776,5.7131,45.878,5.212
2705,3.5776,5.7167,31.754,2.807
2706,3.5777,5.7114,44.987,4.666
2707,3.5777,5.7095,66.707,7.36
2708,3.5777,5.7094,65.701,7.535
2709,3.5778,5.716,19.395,2.409
2710,3.5779,5.7114,42.749,4.299
2711,3.5779,5.7118,33.62,4.001
2712,3.5779,5.716,34.478,2.482
2713,3.5781,5.7114,45.276,3.881
2714,3.5782,5.7121,44.837,4.431
2715,3.5782,5.7153,68.986,6.735
2716,3.5782,5.715,66.065,6.725
2717,3.5783,5.7116,66.298,6.391
2718,3.5783,5.7158,66.384,6.596
2719,3.5783,5.7182,68.883,6.821
2720,3.5784,5.7132,33.654,3.425
2721,3.5784,5.7096,45.111,5.152
2722,3.5785,5.7156,66.223,6.616
2723,3.5785,5.715,21.956,1.484
2724,3.5785,5.7098,42.251,4.37
2725,3.5786,5.7158,69.592,7.179
2726,3.5787,5.7089,25.701,2.573
2727,3.5787,5.7152,22.168,1.978
2728,3.5787,5.7097,42.656,4.897
2729,3.5787,5.7158,69.446,6.974
2730,3.5787,5.7162,66.14,6.929
2731,3.5788,5.7089,40.554,4.159
2732,3.5789,5.7163,60.023,5.885
2733,3.5789,5.7127,69.155,7.043
2734,3.5789,5.7142,34.173,2.735
2735,3.579,5.7081,45.008,4.4
2736,3.579,5.7142,34.635,3.346
2737,3.5791,5.7099,44.549,4.451
2738,3.5791,5.7095,45.145,5.067
2739,3.5791,5.7126,77.155,7.291
2740,3.5791,5.7125,76.011,8.894
2741,3.5791,5.7149,69.05,6.697
2742,3.5791,5.7085,69.165,6.098
2743,3.5792,5.7093,40.077,4.206
2744,3.5792,5.7087,44.58,4.793
2745,3.5792,5.7098,45.748,5.026
2746,3.5793,5.7087,45.014,5.627
2747,3.5793,5.7095,45.058,4.816
2748,3.5794,5.7097,37.949,4.338
2749,3.5794,5.7184,34.222,2.739
2750,3.5794,5.7096,45.879,4.547
2751,3.5795,5.7186,44.738,3.743
2752,3.5795,5.7169,69.254,6.586
2753,3.5796,5.7093,68.797,7.185
2754,3.5798,5.7157,34.03,3.686
2755,3.5798,5.7093,69.028,6.628
2756,3.5798,5.7159,68.344,6.632
2757,3.5798,5.7115,44.845,4.453
2758,3.5799,5.7175,76.978,8.335
2759,3.58,5.7096,68.891,6.81
2760,3.58,5.7099,68.536,6.675
2761,3.58,5.7148,68.664,6.512
2762,3.5806,5.7106,70.587,8.054
2763,3.5807,5.7161,60.468,5.143
2764,3.5809,5.7105,68.572,6.69
2765,3.5809,5.7079,69.758,7.636
2766,3.5809,5.7101,33.49,2.47
2767,3.5809,5.7102,33.085,3.441
2768,3.5693,5.7162,40.453,3.459
2769,3.5694,5.7135,40.43,4.217
2770,3.5694,5.7127,40.538,3.652
2771,3.5694,5.7124,40.639,4.244
2772,3.5694,5.7116,40.292,4.566
2773,3.5696,5.7137,37.432,3.935
2774,3.5697,5.7082,35.07,3.735
2775,3.5697,5.7138,36.82,2.609
2776,3.5697,5.7132,40.163,3.443
2777,3.5698,5.7147,37.779,3.863
2778,3.5698,5.7131,40.081,4.104
2779,3.5698,5.7137,38.239,2.424
2780,3.5698,5.7149,39.854,3.046
2781,3.5698,5.7132,40.313,4.088
2782,3.5699,5.7133,40.005,3.934
2783,3.5699,5.7139,37.211,4.375
2784,3.5699,5.7147,37.572,3.512
2785,3.5702,5.7147,38.547,3.63
2786,3.5703,5.7147,39.566,5.188
2787,3.5703,5.7184,37.517,3.506
2788,3.5703,5.715,37.126,3.53
2789,3.5704,5.7141,40.541,3.794
2790,3.5704,5.7183,32.066,3.283
2791,3.571,5.7086,62.421,6.753
2792,3.571,5.7178,37.425,3.214
2793,3.5713,5.7089,37.716,3.37
2794,3.5716,5.7176,39.596,4.931
2795,3.5716,5.7177,39.988,4.46
2796,3.5717,5.7176,39.937,4.005
2797,3.5723,5.7171,40.181,4.087
2798,3.5723,5.7173,39.525,4.48
2799,3.5723,5.7175,39.917,4.135
2800,3.5723,5.7184,39.948,3.8
2801,3.5724,5.7184,40.662,4.363
2802,3.5724,5.7172,40.174,3.716
2803,3.5724,5.7182,40.085,4.162
2804,3.5724,5.7185,39.551,3.406
2805,3.5724,5.718,39.543,4.459
2806,3.5724,5.7178,40.463,3.708
2807,3.5725,5.7174,39.767,3.708
2808,3.5725,5.7184,40.053,3.978
2809,3.5725,5.7175,40.139,2.974
2810,3.5725,5.7134,35.394,2.529
2811,3.5726,5.7085,40.463,3.872
2812,3.5726,5.7134,37.926,3.899
2813,3.5726,5.7184,39.826,4.02
2814,3.5727,5.7168,40.271,3.972
2815,3.5727,5.7181,39.822,3.84
2816,3.5727,5.7097,62.938,6.502
2817,3.5727,5.7135,39.547,4.354
2818,3.5728,5.71,41.92,4.568
2819,3.5729,5.717,40.264,4.131
2820,3.5729,5.7157,59.579,5.753
2821,3.5729,5.7182,39.461,4.356
2822,3.573,5.713,34.976,3.416
2823,3.573,5.7142,52.202,4.349
2824,3.5731,5.7093,43.031,4.31
2825,3.5731,5.7169,39.913,4.729
2826,3.5731,5.7147,35.436,3.036
2827,3.5732,5.7184,23.197,1.737
2828,3.5732,5.715,40.536,4.085
2829,3.5733,5.7123,43.19,4.427
2830,3.5733,5.7183,31.792,3.401
2831,3.5734,5.7125,35.929,3.093
2832,3.5734,5.7124,35.181,3.535
2833,3.5734,5.7146,37.871,4.183
2834,3.5734,5.7091,40.67,3.578
2835,3.5734,5.7129,40.59,3.83
2836,3.5734,5.7171,76.728,8.252
2837,3.5734,5.7168,67.111,6.403
2838,3.5735,5.7163,39.977,4.356
2839,3.5736,5.7162,40.536,3.179
2840,3.5737,5.709,39.971,3.95
2841,3.5738,5.7087,39.971,4.438
2842,3.5738,5.7165,39.934,3.403
2843,3.574,5.7182,23.742,2.513
2844,3.5741,5.7179,15.456,2.099
2845,3.5742,5.7188,34.377,3.502
2846,3.5745,5.7116,23.158,1.762
2847,3.5745,5.7128,21.717,2.952
2848,3.5747,5.7181,26.121,3.378
2849,3.5747,5.7179,17.699,1.649
2850,3.5747,5.7118,22.773,1.855
2851,3.5748,5.7079,37.747,3.693
2852,3.5748,5.7082,37.132,4.009
2853,3.5749,5.7102,23.613,2.31
2854,3.575,5.7077,34.545,2.499
2855,3.575,5.7181,15.47,1.295
2856,3.575,5.7102,23.112,2.742
2857,3.575,5.7084,37.896,4.439
2858,3.5753,5.7105,21.247,1.972
2859,3.5753,5.7089,15.375,1.342
2860,3.5755,5.7105,45.374,4.765
2861,3.5755,5.7102,44.139,4.152
2862,3.5756,5.7142,5.405,0.238
2863,3.5759,5.7152,17.707,1.639
2864,3.5762,5.7186,32.509,3.118
2865,3.5764,5.716,22.047,2.172
2866,3.5764,5.7179,70.304,7.412
2867,3.5765,5.7181,71.492,6.322
2868,3.5768,5.7175,21.046,2.003
2869,3.5768,5.709,68.709,6.807
2870,3.5769,5.709,68.386,6.945
2871,3.5769,5.7154,33.982,3.005
2872,3.5771,5.7121,34.638,3.382
2873,3.5772,5.7155,34.17,3.747
2874,3.5777,5.7161,66.126,6.973
2875,3.578,5.7143,34.22,3.579
2876,3.578,5.7114,34.765,3.667
2877,3.578,5.7178,34.332,2.865
2878,3.5783,5.7121,45.141,4.027
2879,3.5783,5.7119,45.483,4.587
2880,3.5784,5.7158,60.054,5.768
2881,3.5785,5.718,68.563,6.878
2882,3.579,5.718,68.552,6.773
2883,3.5792,5.7129,33.64,3.029
2884,3.5792,5.7094,34.66,3.859
2885,3.5793,5.7092,40.467,3.723
2886,3.5795,5.7128,34.061,3.38
2887,3.5795,5.7156,33.77,3.076
2888,3.5796,5.7124,52.343,4.657
2889,3.5798,5.7119,33.935,3.759
2890,3.5799,5.7114,45.315,4.189
2891,3.5799,5.712,32.865,3.675
2892,3.5808,5.7084,24.859,2.613
2893,3.5809,5.7086,25.936,2.062
2894,3.5809,5.7081,33.785,3.997
2895,3.581,5.7084,24.648,1.667
2896,3.5694,5.716,39.82,3.977
2897,3.5695,5.7132,37.563,3.701
2898,3.5696,5.7148,37.989,3.09
2899,3.5697,5.7137,37.548,3.489
2900,3.5697,5.7159,37.595,3.227
2901,3.5699,5.7138,42.451,3.906
2902,3.57,5.7151,37.838,3.966
2903,3.57,5.7134,38.264,3.923
2904,3.5701,5.7146,35.283,3.578
2905,3.5701,5.7136,35.485,3.607
2906,3.5701,5.7145,34.757,3.181
2907,3.5701,5.7134,39.206,3.565
2908,3.5702,5.7136,39.888,3.996
2909,3.5705,5.7146,37.859,4.167
2910,3.5722,5.7083,39.562,4.704
2911,3.5724,5.7139,39.524,3.506
2912,3.5726,5.7083,69.158,6.414
2913,3.5727,5.7099,37.566,3.235
2914,3.573,5.7102,39.233,3.99
2915,3.5737,5.7086,42.086,4.143
2916,3.5739,5.7089,39.988,4.012
2917,3.5742,5.7103,43.152,3.663
2918,3.5743,5.7102,39.438,3.646
2919,3.5743,5.7078,16.763,2.326
2920,3.5746,5.7082,42.731,3.773
2921,3.5747,5.7084,39.476,3.906
2922,3.5748,5.7095,37.322,3.63
2923,3.5748,5.7081,40.08,3.425
2924,3.576,5.7118,60.736,6.285
2925,3.5762,5.7091,71.155,7.289
2926,3.5765,5.7089,34.619,3.543
2927,3.5766,5.7121,77.169,7.461
2928,3.5784,5.7113,66.531,6.272
2929,3.5787,5.716,59.582,5.023
2930,3.5792,5.7163,60.036,6.279
